input	target	pred
ank	अंक	अंक
anka	अंक	अंका
ankit	अंकित	अंकित
anakon	अंकों	अनकों
ankhon	अंकों	आंखों
ankon	अंकों	अंकों
angkor	अंकोर	एंगकोर
ankor	अंकोर	एंकोर
angaarak	अंगारक	अंगारक
angarak	अंगारक	अंगरक
angraji	अंग्रज़ी	अंग्रजी
angreji	अंग्रज़ी	अग्रेंजी
angrzi	अंग्रज़ी	अग्रज़ी
antah	अंतः	अंतः
antaha	अंतः	अंतः
antarmukh	अंतर्मुख	अंतरमुख
antmurkh	अंतर्मुख	अंतमुर्ख
antrmukh	अंतर्मुख	अंतरमुख
andrabee	अंद्राबी	अंद्रबी
andrabi	अंद्राबी	अंदरबाी
andha	अंधा	अंधा
andhapan	अंधापन	अंधापन
andheri	अंधेरी	अंधेरी
ambaani	अंबानी	अंबानी
ambani	अंबानी	अंबानी
akram	अकरम	अक्रम
acapulco	अकापुल्को	अकापुल्को
akapulko	अकापुल्को	अकापुलकों
akhand	अखंड	आखंड
akhil	अखिल	अखिल
agavai	अगवाई	अगवाई
agvaai	अगवाई	अगवाई
augustine	अगस्टाइन	अजस्टिन
augustustine	अगस्टाइन	अउस्टस्टिन
agsta	अगस्ता	अजस्ता
agusta	अगस्ता	अगुस्त
augusta	अगस्ता	अगस्त
agr	अग्र	अग्र
agra	अग्र	आगरा
achambha	अचंभा	अचंभा
achanbha	अचंभा	अचाभभा
achievement	अचीवमेंट	अअिशीवमेंट
achivement	अचीवमेंट	अकिवेमेंट
acchi	अच्छी	अछी
achchi	अच्छी	अच्छी
achhi	अच्छी	अछी
achyut	अच्युत	अअयुत
achhanera	अछनेरा	अच्छेना
achnera	अछनेरा	अचनेरा
ajmeedh	अजमीढ़	अजमीद
ajhar	अजहर	अज़र
azhar	अजहर	अज़र
ajit	अजित	अजीत
agnat	अज्ञात	अग्नत
agyaat	अज्ञात	अज्ञात
agyat	अज्ञात	अज्ञत
atakta	अटकता	आतकता
atkata	अटकता	अतकता
atake	अटके	अटके
atke	अटके	अटे
atwaal	अटवाल	अतवाल
atwal	अटवाल	अतवल
attahasa	अट्टहास	अत्हासा
atthaas	अट्टहास	अत्थास
atthas	अट्टहास	अट्ठास
addon	अड्डों	एड़ों
athak	अथक	अंक
atharv	अथर्व	अठ्रव
atharva	अथर्व	अथर्व
adad	अदद	अदद
adaani	अदाणी	अदानी
adani	अदाणी	अदनी
advait	अद्वैत	अद्वैत
adwait	अद्वैत	अद्वैत
advaitvaad	अद्वैतवाद	अद्वैत्वाद
advaitwad	अद्वैतवाद	अद्वैत्वाद
adhivas	अधिवास	अधिवास
adhiwas	अधिवास	अधिवास
advivas	अधिवास	आदविवास
adhiik	अधीक	अधिक
adhik	अधीक	अधिक
adhyayanarat	अध्ययनरत	अध्ययनररत
adhyayanrat	अध्ययनरत	अध्ययनरत
adhyaynrat	अध्ययनरत	अध्ययनरत
anant	अनंत	अनंत
ananti	अनंती	अनांती
angadh	अनगढ़	अंगढ़
angarh	अनगढ़	आंगड़
anchahe	अनचाहे	अंछा
anthak	अनथक	अंक
unthak	अनथक	उंथक
anhoni	अनहोनी	अन्होनी
anaavashyak	अनावश्यक	अनावश्यक
anavashyak	अनावश्यक	अनावश्यक
anavshyak	अनावश्यक	अनावश्यक
anawashyak	अनावश्यक	अनावश्यक
anik	अनिक	अनिक
anishwarvadi	अनीश्वरवादी	अनिश्वर्वादी
anishwarwadi	अनीश्वरवादी	अनिश्वर्वादी
anukoltha	अनुकूलता	अनुकोल्थ
anukulata	अनुकूलता	अनुकूलता
anukulta	अनुकूलता	अनुकुलता
anuchit	अनुचित	अनुचित
anuprayogi	अनुप्रयोगों	अनुप्रयोगी
anuprayogon	अनुप्रयोगों	अनुप्रयोगों
anupryogon	अनुप्रयोगों	अनुप्रयोगों
anureet	अनुरीत	अनुरीत
anurit	अनुरीत	अनुरीत
anuthi	अनूठी	अनुठी
anudit	अनूदित	अनुदित
anyaay	अन्याय	अन्या
anyay	अन्याय	अन्यय
anyaya	अन्याय	अन्यय
apnani	अपनानी	अपनानी
aparivartanshali	अपरिवर्तनशील	अपरिवर्तनशाली
aparivartansheel	अपरिवर्तनशील	अपरिवर्तनशील
aparivartanshil	अपरिवर्तनशील	अपरिवर्तनशील
apariharya	अपरिहार्य	अपरिहार्य
aprihary	अपरिहार्य	अपरिहार्य
apriyary	अपरिहार्य	अप्रियर्य
apavartit	अपवर्तित	अपवर्तित
apvartit	अपवर्तित	अपवर्तित
apvtrit	अपवर्तित	अपवत्रित
apaardarshi	अपारदर्शी	अपारदर्शी
apardarshi	अपारदर्शी	अपरदर्शी
afroj	अफरोज	अफरोज
afroz	अफरोज	अफरोज
africa	अफ्रीका	अफ्रिका
abbaasi	अब्बासी	अब्बासी
abbasi	अब्बासी	अब्बेसी
abhimat	अभिमत	अभीमत
abhishap	अभिशाप	अभिषाप
abhi	अभी	आभी
amjhera	अमझेरा	अमझेरा
amzera	अमझेरा	अमजेरा
amargad	अमरगढ़	अमरगढ़
amargarh	अमरगढ़	आमर्गढ़
amarpaal	अमरपाल	अमरपाल
amarpal	अमरपाल	अमरपाल
amarohi	अमरोही	अमरोही
amrohi	अमरोही	अमरोही
amaanat	अमानत	अमानत
amanat	अमानत	अमानत
amanth	अमानत	अमांठ
amaanati	अमानती	अमानती
amanathi	अमानती	अमानाथी
amanati	अमानती	अमानती
amavasya	अमावस्या	अमावस्य
amavsya	अमावस्या	आमावस्य
amit	अमित	अमिट
amitao	अमिताव	अमिटाओं
amitav	अमिताव	अमिटव
amuk	अमुक	अमुक
amogh	अमोघ	अमोध
ambani	अम्बानी	अंबानी
ayodhyaanaath	अयोध्यानाथ	अयोध्यनाथ
ayodhyanaath	अयोध्यानाथ	अयोध्यनाथ
ayodhyanath	अयोध्यानाथ	अयोध्यनाथ
ayodhyeanath	अयोध्यानाथ	आयोध्यान
aradas	अरदास	अरदास
ardaas	अरदास	अरदास
ardas	अरदास	अरदास
arabab	अरबाब	अरबब
arbab	अरबाब	अरबब
around	अराउंड	अराउंड
arjent	अर्जेंट	अर्जेंट
urgent	अर्जेंट	उर्जेंट
arth	अर्थ	आर्थ
artha	अर्थ	आर्थ
earth	अर्थ	आर्थ
earthquake	अर्थक्वेक	इर्थकुआ
arthon	अर्थों	आर्थो
arpit	अर्पित	आरपित
aryama	अर्यमा	आर्यमा
aryma	अर्यमा	आरीमा
arymaa	अर्यमा	आर्मया
alankaar	अलंकार	अलंकार
alankar	अलंकार	अलंकर
alnkaar	अलंकार	अलंकार
alankaaron	अलंकारों	अलंकारों
alankaron	अलंकारों	अलंकरों
alnkaaron	अलंकारों	अलंकारों
alnkaron	अलंकारों	अलंकारों
alagavavadi	अलगाववादी	अलगावादी
algavvadi	अलगाववादी	अलगावाड़ी
algavwaadi	अलगाववादी	अलगाववादी
alive	अलाइव	अलिवे
alance	अलायंस	एलांस
alayans	अलायंस	अलयंस
aliance	अलायंस	एलायंस
alind	अलिंद	अलींड
alai	अली	अलई
ali	अली	एली
alii	अली	एली
alonso	अलोंसो	एलोंसो
aloso	अलोंसो	एलोसो
alphabet	अल्फ़ाबेट	अलफेबेत
alba	अल्बा	अलबा
avantipur	अवंतिपुर	अवंतीपुर
awantipora	अवंतिपुर	अवंतिपोरा
avaru	अवरु	अवरू
avru	अवरु	आवरू
awaru	अवरु	अवरू
avarodhak	अवरोधक	अवरोधक
avrodhak	अवरोधक	अवरोधक
avrodhk	अवरोधक	अवरोधक
avarnata	अवर्णता	अवर्णता
avarnataa	अवर्णता	अवर्णता
avranta	अवर्णता	अवरंता
avashist	अवशिष्ट	आवशिस्त
avshisht	अवशिष्ट	अवशिष्ट
awashist	अवशिष्ट	आवशिस्त
avasthaayen	अवस्थाएं	अवस्थाएं
avsthaen	अवस्थाएं	अवस्थाएं
avsthayen	अवस्थाएं	अवस्थाएं
awasthaen	अवस्थाएं	अवस्थाएं
avi	अवि	अवी
avika	अविका	अविका
aviral	अविरल	अविरल
avirl	अविरल	आवर्ल
avishvaasniy	अविश्वसनीय	अविश्वासीय
avishvasniy	अविश्वसनीय	अविश्वसनीय
avishvasniya	अविश्वसनीय	अविश्वसनीय
avisvasniya	अविश्वसनीय	अविस्वासीय
aviva	अवीवा	अविवा
avaigyanic	अवैज्ञानिक	अवैज्ञानिक
avaigyanik	अवैज्ञानिक	अवैज्ञानिक
avegyanik	अवैज्ञानिक	अवेज्ञनिक
ashaktataa	अशक्तता	आशक्तता
ashktta	अशक्तता	आशक्तता
asharaphi	अशरफी	आशाराफी
ashrafi	अशरफी	आशरफी
ashariri	अशरीरी	आशररी
ashriri	अशरीरी	आश्री
ashrvatath	अश्वत्थ	अश्वत्रथ
ashvtth	अश्वत्थ	अश्वत्थ
asamaany	असमान्य	असामान्य
asamany	असमान्य	असामान्य
asmanye	असमान्य	असमान्य
asaamnjsy	असामंजस्य	असामंज्य
asamanjasy	असामंजस्य	असमंजस्य
asamanjasya	असामंजस्य	असमंजस्य
asurakshit	असुरक्षित	असुरक्षित
asurkshit	असुरक्षित	असुरक्षित
aset	असेट	एसेट
asset	असेट	एसेट
asvabhavik	अस्वभाविक	अस्वाभाविक
aswabhavik	अस्वभाविक	अस्वाभाविक
aswbhavik	अस्वभाविक	अस्वभाविक
ahirauli	अहिरौली	अहिरौली
item	आइटम	आइटम
items	आइटम्स	आइटेम्स
idle	आइडल	आईडलए
idol	आइडल	आईडल
icc	आइसीसी	आईसीसी
iso	आइसो	आईएसओ
ipc	आईपीसी	आईपीसी
ipad	आईपैड	आईपद
iris	आईरिस	आइरिस
ounce	आउंस	यंंस
aakaash	आकाश	आकाश
aakash	आकाश	आकाश
aake	आके	आके
aakhet	आखेट	आखेत
akhet	आखेट	आखेत
aagat	आगत	आगत
aagaman	आगमन	आगमन
aagman	आगमन	आगमन
aagaa	आग़ा	आगा
aagah	आग़ा	आगाह
agha	आग़ा	आघा
aagaashe	आगाशे	आगाशे
aagashe	आगाशे	आगशे
agashe	आगाशे	अगाशे
aajmaanaa	आजमाना	आजमाना
aajmana	आजमाना	आजमाना
aazmaanaa	आजमाना	आजमाना
aata	आटा	आता
ata	आटा	अता
atta	आटा	अत्टा
aatmayen	आत्माएं	आत्मयंं
atmaen	आत्माएं	आत्माएं
aadaan	आदान	आदान
aadan	आदान	आडन
aadhaarit	आधारित	आधारित
aadharit	आधारित	आधारित
adharit	आधारित	आधारित
aadheen	आधीन	आधीन
aadhin	आधीन	आधीन
aadhunik	आधुनिक	आधिनिक
aanad	आनद	आनद
aanand	आनद	आनंद
anand	आनद	अनंद
aapka	आपका	आपका
aapkaa	आपका	आपका
aapadaaaen	आपदाएं	आपदाएं
aapdaein	आपदाएं	आपदाएं
aapdayein	आपदाएं	आपदाएं
aabantit	आबंटित	आबंतीत
abantit	आबंटित	अबंतीत
aabru	आबरू	आबूरू
abaru	आबरू	अबरू
aamdan	आमदन	आमदन
amadan	आमदन	अमादन
aamdani	आमदनी	आमदानी
amadani	आमदनी	अमादनी
aamdi	आमदी	आमदी
amdi	आमदी	अमड़ी
aamod	आमोद	आमोद़
amod	आमोद	अमोड़
aayenge	आयेंगे	आएंगे
aayojak	आयोजक	आयोजक
ro	आरओ	रो
rp	आरपी	आरपी
aaraam	आराम	आराम
aaram	आराम	आरम
aram	आराम	अरम
aarushi	आरुषि	आरि
arushi	आरुषि	अरिशी
artery	आर्टरी	ऑर्टरी
order	आर्डर	ऑर्डर
aary	आर्य	आरी
aarya	आर्य	आर्य
arya	आर्य	आर्य
aaryika	आर्यिका	आरियिका
aryika	आर्यिका	आरियिका
aarya	आर्यो	आर्य
arya	आर्यो	आर्य
aryo	आर्यो	आर्यो
aaryan	आर्यों	आर्यन
arya	आर्यों	आर्य
aryon	आर्यों	आर्यों
aalsi	आलसी	आलसी
alasi	आलसी	अलासी
aalochak	आलोचक	आलोचक
alochak	आलोचक	अलोचक
aalochakon	आलोचकों	आलोचकों
alochakon	आलोचकों	आलोचकों
aalha	आल्हा	आल्हा
aalhaa	आल्हा	आलहा
alha	आल्हा	अल्हा
allah	आल्हा	अल्लाह
aawaazen	आवाज़ें	आवाजें
aawajen	आवाज़ें	आवाजें
awaazen	आवाज़ें	आवाजें
awazen	आवाज़ें	आवाजें
aawajon	आवाज़ों	आवाजों
aawazon	आवाज़ों	आवाजों
awaazon	आवाज़ों	आवाजों
awazon	आवाज़ों	आवाजों
aavishakaar	आविष्कार	आविषाकार
aavishkaar	आविष्कार	आविष्कार
avishkar	आविष्कार	अविष्कार
aavriti	आवृत्ति	आवृति
aavritti	आवृत्ति	आवृत्ति
avuti	आवृत्ति	आवूति
aavritiyon	आवृत्तियों	आवृतियों
aavrittiyon	आवृत्तियों	आवृत्तियों
avrutiyon	आवृत्तियों	अवृतियों
aashanka	आशंका	आशंका
ashanka	आशंका	अशंका
aashriton	आश्रितों	आश्रिटन
ashriton	आश्रितों	एश्रिटन
aasaan	आसान	आसान
aasan	आसान	आसन
asan	आसान	असन
aastik	आस्तिक	आस्तिक
astik	आस्तिक	आस्तिक
aasteen	आस्तीन	आस्तीन
aastin	आस्तीन	आस्तिन
astin	आस्तीन	एस्टिन
aahnaan	आह्नान	आहनान
aahnan	आह्नान	आहनन
ahyan	आह्नान	आह्न
england	इंग्लैंड	इंग्लैड
engineer	इंजिनियर	इंजीनियर
introduction	इंट्रोडक्शन	इंट्रोक्शन
insurance	इंश्योरेंस	इनसुरेंस
ear	इअर	इयर
eyer	इअर	ईयर
eon	इआन	इयोन
iaan	इआन	आईन
ekattha	इकट्ठा	इकट्ठा
ikattha	इकट्ठा	इकट्ठा
ekatthi	इकठ्ठी	इकट्ठी
ekthi	इकठ्ठी	इक्थि
ikatthi	इकठ्ठी	इकट्ठी
ekaee	इकाई	ईकाई
ikai	इकाई	ईकाई
ekaeyon	इकाईयों	इकाइयों
ikaiyon	इकाईयों	ईकाइयों
ikarion	इकाईयों	इकारियों
economic	इकोनोमिक	इकोनॉमिक
ecuador	इक्वाडोर	एक्यूडर
equador	इक्वाडोर	एक्वाडर
equities	इक्विटीज	इक्विटीज
ikvitija	इक्विटीज	इक्वितीजा
ijaajat	इजाजत	इज़ाजत
ijajat	इजाजत	इज़ाजत
inhalation	इनहेलेशन	इन्हालेशन
inhaletion	इनहेलेशन	इन्हेलेशन
ibija	इबीजा	इबिजा
ibiza	इबीजा	इबिजा
imaging	इमेजिंग	इइजमिंग
immune	इम्युन	इम्यून
elaichi	इलाइची	इलाची
ilaichi	इलाइची	इलाची
ilayachi	इलाइची	इलययची
ilayichi	इलाइची	इलायिची
elaaj	इलाज	इलाज
ilaaj	इलाज	इलाज
ilaj	इलाज	इलाज़
ishaak	इशाक	इशाक
ishaaq	इशाक	इशाक
ishak	इशाक	इश्क
ishaara	इशारा	इशारा
ishaaraa	इशारा	इशारा
ishara	इशारा	इशारा
ishita	इशिता	इशिता
isht	इष्ट	ईस्ट
isteefe	इस्तीफे	इस्टीफे
istife	इस्तीफे	इस्टीफे
ea	ईए	इए
ia	ईए	आईएए
eater	ईटर	इटर
iter	ईटर	इटर
email	ईमेल	इमेल
emailon	ईमेलों	इमेलों
emelon	ईमेलों	एमलों
evening	ईवनिंग	एनविंग
east	ईष्ट	ईस्ट
ishat	ईष्ट	इशात
isht	ईष्ट	ईस्ट
isaaiyon	ईसाइयों	ईसाईयों
isaiyon	ईसाइयों	ईसाईयों
isayiyon	ईसाइयों	ईसाईयों
ikhrul	उखरुल	इखरूल
ukhrool	उखरुल	उखरूल
ukhrul	उखरुल	उखरूल
uchhalane	उछालने	उछलने
uchhalne	उछालने	उछलने
ujback	उज़्बेक	उजबेक
uzbek	उज़्बेक	उजब्के
uthane	उठने	उठाने
uthne	उठने	उठने
uthaakar	उठाकर	उठाकर
uthakar	उठाकर	उठाकर
uthaapatak	उठापटक	उठापतक
uthapatak	उठापटक	उठापक
uthen	उठें	उठाएं
udaan	उड़ान	उदान
udan	उड़ान	उड़न
udaanaa	उड़ाना	उड़ना
udana	उड़ाना	उड़ना
udaane	उड़ाने	उड़ाने
udane	उड़ाने	उड़ने
udaanen	उड़ानें	उदानें
udanen	उड़ानें	उड़नें
udaanon	उड़ानों	उदानों
udanon	उड़ानों	उदानों
utane	उतने	उतने
utaney	उतने	उतने
utne	उतने	उतने
uttara	उत्तरा	उतरा
uttra	उत्तरा	उत्तरा
utpan	उत्पन	उत्पान
udant	उदंत	उदांत
udghosh	उदघोष	उद्घोष
udar	उदर	उदार
uda	उदा	उड़ा
udaa	उदा	उड़ा
udakishuganj	उदाकिशुनगंज	उदुकिशुगन
udakishunganj	उदाकिशुनगंज	ंगंजुशनगंगन
unatees	उनतीस	यूनाटीस
untees	उनतीस	उंतीस
uniyal	उनियाल	यूनियल
upadraviyon	उपद्रवियों	उपद्रवियों
updravion	उपद्रवियों	उपद्रवियों
updraviyon	उपद्रवियों	उपद्रवियों
upadravi	उपद्रवी	उपद्रवी
updravi	उपद्रवी	उपद्रवी
upadrawon	उपद्रवों	उपद्रवों
updravon	उपद्रवों	उपद्रवों
upneta	उपनेता	उपनेटा
upabhokta	उपभोक्ता	उपभोक्त
upbhokta	उपभोक्ता	उपभोक्त
uplaksh	उपलक्ष्य	उपलक्ष
uplakshay	उपलक्ष्य	उपलाक्षय
uplakshya	उपलक्ष्य	उपलाक्ष्य
uplabdh	उपलब्ध	उपलब्ध
uplabdhiyon	उपलब्धियों	उपलब्धियों
uplabdhi	उपलब्धी	उपलब्धि
upakhyaanon	उपाख्यानों	उपख्यानों
upakhyanon	उपाख्यानों	उपख्यानों
ubuntu	उबंटू	उबूंतु
ubaal	उबाल	उबल
ubal	उबाल	उबल
ubhaara	उभारा	उभारा
ubhara	उभारा	उभरा
umanath	उमानाथ	उमानाथ
umesh	उमेश	उम्श
urf	उर्फ	यरफ
urfa	उर्फ	उरफा
urff	उर्फ	ररफफ
urvarakon	उर्वरकों	उर्वरकों
urvarkon	उर्वरकों	उर्वरकों
urwarakon	उर्वरकों	उर्वरकों
urvarata	उर्वरता	उर्वरता
urvarta	उर्वरता	उर्वरता
urwarta	उर्वरता	उर्वरता
ulate	उलटे	उलते
ulte	उलटे	उलते
ulahana	उलाहना	उलाहना
ulahna	उलाहना	उलाहना
ulema	उलेमा	उल्लेमा
ulemaon	उलेमाओं	उल्लेमाओं
usak	उसक	उसक
usaki	उसकी	उसकी
uski	उसकी	उसकी
usmein	उसमें	उसमें
usmen	उसमें	उसमें
usi	उसी	उसी
ustara	उस्तरा	उस्तरा
udharv	ऊर्ध्व	उधर्व
udhrva	ऊर्ध्व	उधर्व
urdhav	ऊर्ध्व	उर्धव
ushma	ऊष्मा	उष्मा
rishicool	ऋषिकुल	रिशिकल
rishikul	ऋषिकुल	रिशिकुल
rushikul	ऋषिकुल	रुशिकल
enzyme	एंजाइम	एंजमी
anton	एंटोन	एंटन
entone	एंटोन	इंटोन
antoni	एंटोनी	अंटोनी
antony	एंटोनी	अंटोनी
endometrial	एंडोमेट्रियल	एंडोमेट्रियल
andreas	एंड्रियास	एंड्रेयस
als	एएलएस	अल्स
asi	एएसआई	एसी
eksaath	एकसाथ	एकसाथ
eksath	एकसाथ	एकसाथ
ekaki	एकाकी	इकाकी
xm	एक्सएम	एक्सम
egmor	एगमोर	एगमर
egmore	एगमोर	एगमोर
aj	एजे	एजी
agende	एजेंडे	अजेंडे
adp	एडीपी	एडीपी
adain	एडेन	अड़ाएं
aden	एडेन	आड़े
edan	एडेन	ईडन
addi	एड्डी	एड़ी
eddi	एड्डी	एड्डी
eddie	एड्डी	एड्डी
eddy	एड्डी	एडी
apj	एपीजे	अपीजे
ftii	एफटीआईआई	फ्टी
abbott	एबट	अब्बोट
abut	एबट	अबूट
ebt	एबट	ईबीटी
abvp	एबीवीपी	आबवपी
abbot	एबोट	अब्बोट
abbott	एबोट	अब्बोट
mta	एमटीए	माटा
mtake	एमटेक	मटके
mtec	एमटेक	मेटक
mtech	एमटेक	मेक
emerald	एमरल्ड	एमरल्ड
emrald	एमरल्ड	एमराल्ड
emil	एमिल	एमिल
emile	एमिल	एमिले
emily	एमिल	इमिली
amy	एमी	अमी
emi	एमी	एमी
airway	एयरवे	एयरवे
eyarave	एयरवे	इयरवे
eyarve	एयरवे	एयरवे
error	एरर	एरर
arica	एरिका	अरिका
erica	एरिका	एरिका
erika	एरिका	एरिका
aerobic	एरोबिक	एयरोबिक
aerobics	एरोबिक	एयरोबिस्क
lte	एलटीई	लेट
lti	एलटीई	एटीआई
allergic	एलर्जिक	अलर्जिक
eliminator	एलिमिनेटर	एलिमिनेटर
aliens	एलियंस	एलायंस
alliance	एलियंस	एलायंस
asian	एशियन	एशियाई
sfc	एसएफसी	एसएीसी
sk	एसके	एससी
spf	एसपीएफ	एसपी
association	एसोसिएशन	एसोशिएशन
astar	एस्टर	अस्तर
aster	एस्टर	आस्टर
ester	एस्टर	ईस्टर
aesthetics	एस्थेटिक	एस्थेटिक्स
asthetic	एस्थेटिक	एस्थेटिक
asfalt	एस्फाल्ट	अस्फल्ट
asphalt	एस्फाल्ट	अस्पल्ट
asphault	एस्फाल्ट	अस्फॉल्ट
ahsaas	एहसास	अहसास
ehsaas	एहसास	एहसास
ehsas	एहसास	एहसास
aisa	एेसा	ऐसा
eesa	एेसा	आईएस
ainth	ऐंठ	ऐंथ
end	ऐंठ	एंड
enth	ऐंठ	ऐंथ
ainthey	ऐंठे	ऐंठे
enthe	ऐंठे	ऐं
aithan	ऐठन	ऐंठन
ethan	ऐठन	ऐथन
ethhan	ऐठन	ऐथन
ail	ऐल	ऐल
el	ऐल	ईल
alaps	ऐल्प्स	आलाप्स
alps	ऐल्प्स	आल्प्स
aise	ऐसे	ऐसे
oxide	ऑक्साइड	ऑक्साइड
oxy	ऑक्सी	ऑक्सी
offers	ऑफर्स	ऑफर्स
offshor	ऑफशोर	ऑफ़शर
offshore	ऑफशोर	ऑफ्शर
official	ऑफिशियल	ऑफिसियल
okalahoma	ओकलाहोमा	ओकलाहोमा
oklahoma	ओकलाहोमा	ओक्लहोमा
oklahoma	ओक्लाहोमा	ओक्लहोमा
ot	ओत	ओटी
opel	ओपेल	ओपेल
obrayan	ओब्रायन	ऑब्रेयन
obrien	ओब्रायन	ऑब्रेन
oran	ओरण	ओरान
orian	ओरियन	ओरियन
orion	ओरियन	ओरियन
olavrishti	ओलावृष्टि	अलावृष्टि
ovum	ओवम	ओवम
owem	ओवम	ओवेम
oceanic	ओशनिक	ओसिनिक
osaka	ओसाका	ओसका
auchity	औचित्य	यछित्य
auchitya	औचित्य	औछित्य
audhyogikaran	औद्योगिकरण	औध्योगिकरण
audyogikarana	औद्योगिकरण	औड़योगिकरण
audyogikikaran	औद्योगिकरण	औड़योगिकार
aurangabad	औरंगाबाद	औरंगबाड़
aurora	औरोरा	औौोरा
aulakh	औलख	औलख
kankad	कंकड़	कणकड़
kankar	कंकड़	कांकार
kankad	कंकर	कणकड़
kankar	कंकर	कांकार
kangan	कंगन	कांगण
conjunction	कंजंक्शन	कंजुक्शन
contemporary	कंटेम्पररी	कंटेंपोरेरी
kanthahar	कंठहार	कंठहर
kanthhar	कंठहार	कंठहर
composer	कंपोजर	कंपोजर
kambalon	कंबलों	कांबलों
kanblon	कंबलों	कांबलों
consultant	कंसलटेंट	कंसल्टेंट
kakkad	कक्कड़	कक्कड़
kakkar	कक्कड़	काक्र
kacche	कच्चे	कच्छे
kachche	कच्चे	कच्छे
karta	कटरा	करता
katra	कटरा	कात्रा
cutlery	कटलरी	कटलरी
katlari	कटलरी	कतलारी
katlary	कटलरी	कैलारी
katasaraj	कटासराज	कतासराज
kathfodave	कठफोड़वे	कठफोड़ेव
kathfodve	कठफोड़वे	कठफोड़वे
kathor	कठोर	कथोर
kathore	कठोर	कथोरे
kanika	कणिका	कनिका
kathai	कत्थई	कठाई
katthai	कत्थई	कट्ठाई
katthaii	कत्थई	कट्ठाई
convention	कनवेंशन	कन्वेशन
canals	कनाल	कैनल्स
kanaal	कनाल	कनाल
kanal	कनाल	कानल
kanindham	कनिंघम	कननींधम
kaningham	कनिंघम	कनिंघम
kanishthika	कनिष्ठिका	काषिष्ठिका
kanishthikaa	कनिष्ठिका	काषिष्ठिका
kanishtika	कनिष्ठिका	काषिट्किका
kanyaayen	कन्याएं	कन्याएं
kanyaein	कन्याएं	कन्याएं
kanyayen	कन्याएं	कान्याएं
convention	कन्वेंशन	कन्वेशन
convocation	कन्वोकेशन	कन्वोकेशन
cup	कप	क
kap	कप	कप
kapda	कपड़ा	कपड़ा
kpada	कपड़ा	कपाड़ा
kapdo	कपड़ो	कपड़ों
kapdon	कपड़ो	कपड़ों
kaping	कपिंग	कपिंग
kping	कपिंग	कपिंग
kapolkalpana	कपोलकल्पना	कपोलका्पना
kabaddi	कबड्डी	कबाददी
kabr	कब्र	कबर
kabra	कब्र	काबरा
kabren	कब्रें	कारें
kabron	कब्रों	काबरों
kamjor	कमज़ोर	कमजोर
kamzor	कमज़ोर	कामजोर
kamatar	कमतर	कमाटर
kamtar	कमतर	कममटर
kalamjeet	कमलजीत	कलामजीत
kamaljeet	कमलजीत	कमलजीत
kamaauu	कमाऊ	कऊ
kamau	कमाऊ	कमऊ
kamaate	कमाते	कमाते
kamate	कमाते	कमते
kamere	कमेरे	कमेरे
kmere	कमेरे	कमेरे
karanj	करंज	करांज
kranj	करंज	क्रंज
karanjiya	करंजिया	करणजीय
kardhe	करघे	कर्धे
karghe	करघे	कर्घे
karachana	करछना	कराचना
karchhana	करछना	कर्चाना
karna	करना	करना
karpatri	करपात्री	कर्पत्री
karam	करम	करम
karoor	करूर	करूर
karur	करूर	कुरूर
karnataka	कर्नाटका	करनातका
karvi	कर्वी	कारवी
kurvi	कर्वी	कुर्वी
kalmein	कलमें	कामेें
kalmen	कलमें	कालमें
kalraj	कलराज	कलराज
kalika	कलिका	कालिका
kalpanaon	कल्पनाओं	कल्पनाओं
kalpnaon	कल्पनाओं	कल्पनाओं
kavvaliyon	कव्वालियों	कववालियों
qawwaliyon	कव्वालियों	कववालियों
kavvali	कव्वाली	काव्वली
qawwali	कव्वाली	काव्वाली
kashton	कष्टों	काष्टों
kasarat	कसरत	कसारत
kasrat	कसरत	कसरत
kasara	कसारा	कसरा
kasida	कसीदा	कसीदा
kahane	कहने	कहाने
kahne	कहने	कहने
kahlaya	कहलाया	कहलाया
kahaniyon	कहानियों	कहानियों
kile	क़िले	किले
kanji	कांजी	कांजी
cant	कांट	कैंट
kant	कांट	कांत
kanti	कांति	कांती
kakoo	काकू	ककू
kaku	काकू	काकू
kaagaj	कागज़	काग़
kaagaz	कागज़	काज़
kagaj	कागज़	काग़
kagaz	कागज़	कगजज़
kaaji	काजी	काजी
kaji	काजी	काजी
kazi	काजी	काजी
qazi	काजी	काजी
kajoo	काजू	काऊ
kaju	काजू	काू
kapadi	कापड़ी	कपड़ी
kapdi	कापड़ी	कपड़ी
kamraj	कामराज	कामराज
kamottejana	कामोत्तेजना	काोोटेजना
kamottejna	कामोत्तेजना	काोोटेजना
kailana	कायलाना	कैलना
kaylana	कायलाना	कायलना
carfi	कार्की	कर्फी
karki	कार्की	कर्की
kartik	कार्तिक	कार्तिक
karyakartaon	कार्यकर्ताओं	कार्यकर्ताओ
karykartaaon	कार्यकर्ताओं	कार्यकर्ताओ
karykartaon	कार्यकर्ताओं	कार्यकर्ताओ
karyabhar	कार्यभार	कार्यभार
karybhar	कार्यभार	कार्यभार
karyarat	कार्यरत	कार्यरत
karyrat	कार्यरत	कार्यतर
kaalpi	कालपी	कालपी
kalapi	कालपी	कलापी
kalpi	कालपी	कल्पी
kalika	कालिका	कालिका
kalighat	कालीघाट	कालीघाट
coldvel	काल्डवेल	कोल्वेल
kaldvel	काल्डवेल	कल्वेल
kaldwell	काल्डवेल	काल्वेल
kaav	काव	कव
kav	काव	कव
kaasht	काश्त	क्षट
kasht	काश्त	क्षट
kasim	कासिम	कशिम
qasim	कासिम	कशसिम
kasimabad	कासिमाबाद	कासीमाबाद
kiya	किया	किया
kiliyan	किलियन	किलियां
killat	किल्लत	किल्लत
killi	किल्ली	किली
kisaani	किसानी	किसानी
kisani	किसानी	किसनी
kisanon	किसानों	किसनों
keede	कीड़े	कीड़े
kide	कीड़े	किड़
keynote	कीनोट	कीयनोट
kinote	कीनोट	किनोट
kiratpur	कीरतपुर	किरतपुर
kundal	कुंडल	कुंडल
kundaliya	कुंडलियाँ	कुंडलिया
kundaliyan	कुंडलियाँ	कुंडलियां
kutta	कुत्ता	कुत्ता
kuposhit	कुपोषित	कुपोषित
kumau	कुमाऊ	कुमू
kumavat	कुमावत	कुमावट
kumawat	कुमावत	कुमावट
kural	कुराल	कुरल
kurmi	कुर्मी	कूर्मी
kursiyon	कुर्सियों	कुर्सियों
kush	कुश	कुश
kushaan	कुषाण	कुशान
kushan	कुषाण	कुशन
kusumalataa	कुसुमलता	कुसुमलता
kusumalta	कुसुमलता	कुसुमल्ट
kusumlata	कुसुमलता	कुसमललता
koot	कूट	कूट
kut	कूट	कुट
kritika	कृतिका	कृतिका
kpo	केपीओ	कपपों
canterbari	कैंटरबरी	केंटरबारी
canterbury	कैंटरबरी	कैंटररी
candidate	कैंडिडेट	कैंडीडेट
katrina	कैटरीना	कतरिना
caitlyn	कैटलिन	कैटलिन
cateline	कैटलिन	कैटलाइन
catlin	कैटलिन	केटलिन
cadmium	कैडमियम	कैडमियम
catholic	कैथोलिक	कैथलिक
catholicon	कैथोलिकों	कैथलिकों
kaetholikon	कैथोलिकों	कैथलिकों
capacitor	कैपेसिटर	कैपेशटर
carat	कैरेट	कराट
cavity	कैविटी	केविटी
cavalry	कैवेलरी	केवलरी
kaivelari	कैवेलरी	कैवेवरली
complex	कॉम्प्लेक्स	कंप्लेक्स
kocchi	कोच्चि	कोची
kochi	कोच्चि	कोची
corridor	कोरिडोर	कॉरिडोर
corolla	कोरोला	कोरलला
korola	कोरोला	कोरोला
caolan	कोलन	कोलन
colan	कोलन	कोलन
colon	कोलन	कोलों
calling	कोलिंग	कललिंग
koling	कोलिंग	कोलिंग
colorado	कोलोराडो	कलरेडों
kolorado	कोलोराडो	कोलोरेडों
kaushal	कौशल	कौशल
kaushalata	कौशलता	कौशलता
kaushalta	कौशलता	कौशलता
kaushambi	कौशाम्बी	कौशंबी
cute	क्यूट	कट
quete	क्यूट	क्वेट
cube	क्यूब	कब
cubeck	क्यूबेक	कब
quebec	क्यूबेक	क्वेब्स
cubes	क्यूब्स	कब्यूब
krantiyon	क्रांतियों	क्रंतियों
cric	क्रिक	क्रीक
crick	क्रिक	क्रिक
cricket	क्रिकेट	क्रिकेट
cricketer	क्रिकेटर	क्रिकेटर
cricketing	क्रिकेटिंग	क्रिकेटिंग
kriyayog	क्रियायोग	क्यियोग
christian	क्रिश्चयन	क्रिश्चियन
kruger	क्रूगर	करगर
craig	क्रेग	कग
creg	क्रेग	करर
cradle	क्रैडल	क्रेडल
chrom	क्रोम	च्रोम
chrome	क्रोम	च्रोम
client	क्लांइट	क्लाइंट
clock	क्लाक	क्लॉक
clasen	क्लासें	क्लाजें
classen	क्लासें	क्लासेन
classon	क्लासों	क्लासों
clay	क्ले	क्ले
claris	क्लेरिस	क्लारिस
cleris	क्लेरिस	क्लेरिस
clerys	क्लेरिस	क्लेरिस
quantico	क्वांटिको	क्वांटिको
queens	क्वींस	क्विंस
kshitij	क्षितिज	क्षीतिज
shitij	क्षितिज	शितिज
kshin	क्षीण	क्षीण
shin	क्षीण	शिन
kshetron	क्षेत्रों	क्षेत्रों
shetron	क्षेत्रों	क्षेत्रों
khand	खंडा	खांड
khanda	खंडा	खांडा
khachakhach	खचाखच	खचखाछक
khajarana	खजराना	खजारना
khajraana	खजराना	खजराना
khajrana	खजराना	खजराना
khatakati	खटकती	खतकती
khatakti	खटकती	खतकती
kihatkati	खटकती	किहतकती
khattapan	खट्टापन	खत्तापन
khat	खत	खाट
khani	खनि	खानी
khanik	खनिक	खकक
khanikarm	खनिकर्म	खनीकर्म
khanikarma	खनिकर्म	खानिकर्म
khanikarmi	खनिकर्म	खानिकर्मी
khapat	खपत	खपट
khariya	खरिया	खरिया
khalnayak	खलनायक	खलनायक
khaaskar	ख़ासकर	खासकर
khaskar	ख़ासकर	खस्कर
khaastaur	ख़ासतौर	खासतौर
khastaur	ख़ासतौर	खासतौर
khaibar	ख़ैबर	खैबर
khyber	ख़ैबर	खैबर
khaein	खाएं	खाएं
khaen	खाएं	खाएं
khayen	खाएं	खाएं
khaate	खाते	खाते
khaatey	खाते	खाते
khate	खाते	खाते
khal	खाल	खल
khinchakar	खिंचकर	खींचकार
khinchkar	खिंचकर	खींचकर
khilana	खिलाना	खिलना
khinchkar	खींचकर	खींचकर
khuda	खुदा	खुड़ा
khudai	खुदाई	खुड़ाई
khurapka	खुरपका	खुरपक्ा
khurpaka	खुरपका	खुरपका
khurasan	खुरासान	खुरासन
khushiyan	खुशियां	खुशियां
khene	खेने	खेने
khaini	खैनी	खैनी
khairati	खैराती	खैरती
khoikhoi	खोईखोई	खोइखोई
khoya	खोया	खोया
gangrel	गंगरेल	गैंग्रेल
gangaajal	गंगाजल	गंगाजल
gangajal	गंगाजल	गंगाजल
gandaki	गंडकी	गंदाकी
gandki	गंडकी	गंदकी
gandh	गंध	गंद
gandha	गंध	गांघा
gae	गए	गाई
gaye	गए	गाए
gajara	गजरा	गजजाा
gajra	गजरा	गजरा
gadkar	गडकर	गड़कर
ganapati	गणपति	गणपती
ganpati	गणपति	गणपती
gatisheel	गतिशील	गतिशील
gatishil	गतिशील	गतिशील
gatishilata	गतिशीलता	गतिशीलता
gadadhar	गदाधर	गदाधर
gammat	गम्मत	गममत
gaya	गया	गाया
garibi	गरीबी	गरीबी
garjana	गर्जना	गर्जना
galgand	गलगंड	गालगंड
gahmagahmi	गहमागहमी	गहमगामी
gemhagehmi	गहमागहमी	मेहमगेंगी
ganguly	गांगुली	गंगलुली
gaanth	गांठ	गांठ
ganth	गांठ	गंठ
gaanthe	गांठे	गें
ganthe	गांठे	गंठे
ganthen	गांठें	गंठें
ganthon	गांठों	गंठों
gaen	गाएं	गाएं
gayen	गाएं	गाएं
gazi	गाज़ी	गाजी
gajipur	गाजीपुर	गजीीपुर
gazipur	गाजीपुर	गाज़ीपुर
gayatri	गायत्री	गययत्री
gayitri	गायत्री	गैयित्री
gaytri	गायत्री	गैत्री
gidgidate	गिड़गिड़ाते	गिडगिडाट
ginate	गिनते	गिनते
ginte	गिनते	गिनते
girkar	गिरकर	गिरकार
girijaghar	गिरजाघर	गिरिजाघर
girjaghar	गिरजाघर	गिरजाघर
girijagharon	गिरजाघरों	गिरिजाघरों
girjagharon	गिरजाघरों	गिरजाघरों
girati	गिरती	गिराती
girti	गिरती	गिरती
girish	गिरीश	गिरिश
guan	गुआन	गुआन
gujar	गुजार	गुजर
gujarata	गुजारता	गुजराता
gujarta	गुजारता	गुजरता
gujarate	गुजारते	गुजराते
gujarte	गुजारते	गुजरते
gujarana	गुजारना	गुजराना
gujarna	गुजारना	गुजरना
gujara	गुजारा	गुजरा
gujare	गुजारे	गुजरे
gutta	गुट्टा	गुट्टा
gthalidar	गुठलीदार	गठलीदार
guthalidar	गुठलीदार	गुथालीदार
gudna	गुदना	गुदना
gumaan	गुमान	गुमान
guman	गुमान	गुमान
gulshan	गुलशन	गुलशान
gunga	गूंगा	गूंगा
grihnagar	गृहनगर	गृहनगार
gruhnagar	गृहनगर	गृहणगार
galaxion	गैलेक्सियों	गैलक्शियों
galaxiyon	गैलेक्सियों	गैलक्सियों
galaxyon	गैलेक्सियों	गललक्ष्यों
gochar	गोचर	गोचार
gouchar	गोचर	गौचार
godara	गोदारा	गोदारा
gopichand	गोपीचंद	गोपीचंद
gomake	गोमके	गोमके
gomke	गोमके	गोमके
goel	गोयल	गोल
goyal	गोयल	गोयाल
gosvaami	गोस्वामी	गोस्वामी
gosvami	गोस्वामी	गोस्वामी
goswami	गोस्वामी	गोस्वामी
gaumukh	गौमुख	गौमुख
gomukh	गौमुख	गोमुख
gaumutr	गौमूत्र	गौमुत्र
gaumutra	गौमूत्र	गौमुत्र
gowmutra	गौमूत्र	गोममुत्र
granthiyaan	ग्रंथियां	ग्रंथियां
granthiyan	ग्रंथियां	ग्रंथियां
grandhiyon	ग्रंथियों	ग्रंधियों
granthiyon	ग्रंथियों	ग्रंथियों
greest	ग्रीस्ट	ग्रीस्ट
greist	ग्रीस्ट	ग्रेजिस्ट
grist	ग्रीस्ट	ग्रिस्ट
greg	ग्रेग	ग्रेग
granite	ग्रेनाइट	ग्रेनेट
grenite	ग्रेनाइट	ग्रेनेट
grandson	ग्रैंडसन	ग्रांडसन
gross	ग्रॉस	ग्रोस
ghataatop	घटाटोप	घटातोप
ghatatop	घटाटोप	घटटोप
ghataayaa	घटाया	घटाया
ghataya	घटाया	घटाया
ghanakar	घनाकार	घनककर
ghabrahat	घबराहट	घबराहट
ghasi	घासी	घासी
ghisai	घिसाई	घिसाई
ghisi	घिसी	घिसी
ghise	घिसे	घिसे
ghumakkadi	घुमक्कड़ी	घुमक्कड़ी
ghumakkdi	घुमक्कड़ी	घुमक्दी
ghumakkadon	घुमक्कड़ों	घुमक्कदों
ghumakkaron	घुमक्कड़ों	घुमाक्राों
ghumakkdon	घुमक्कड़ों	घुमक्दों
ghummakkadon	घुमक्कड़ों	घुम्मककादों
ghumaan	घुमाण	घुमान
ghuman	घुमाण	घूमान
ghoonsa	घूंसा	घूंसा
ghunsa	घूंसा	घुंसा
ghongha	घोंघा	घोंघा
ghontane	घोंटने	घोंटने
ghontne	घोंटने	घोंटने
ghot	घोट	घोट
ghodi	घोड़ी	घोड़ी
ghost	घोस्ट	घोस्ट
changul	चंगुल	चागुल
chand	चंद	चांद
chandan	चंदन	चांदन
chandana	चंदन	चांदना
chandu	चंदू	चांडू
chandon	चंदों	चंदों
chandrabali	चंद्रबली	चंद्रबली
chandramaon	चंद्रमाओं	चंद्रमाओं
chakatte	चकत्ते	चकत्ते
chaktte	चकत्ते	चक्ते
chakkar	चक्कर	चक्कर
chkkar	चक्कर	चक्कर
chakshu	चक्षु	चाक्षु
chatagaon	चटगांव	चटागांव
chatgaon	चटगांव	छटगांव
chadhane	चढ़ने	चढ़ाने
chadhne	चढ़ने	चढ़ने
chaturdik	चतुर्दिक	चातुर्दिक
chatunshkoniy	चतुष्कोणीय	चिटुणकों
chatushkoniy	चतुष्कोणीय	चतुष्कों
chatushkoniya	चतुष्कोणीय	चिटुक्ों
channa	चन्ना	चनना
chabate	चबाते	चबाते
chabutare	चबूतरे	चबुतारे
chabutre	चबूतरे	चाबुर्रे
chamakna	चमकना	चमकना
chamkana	चमकना	चमकाना
charas	चरस	चररस
charit	चरित	चरित
charcha	चर्चा	चर्चा
churcha	चर्चा	चर्चा
charchaon	चर्चाओं	चर्चाओं
chalenge	चलेंगे	चेलेंज
chlenge	चलेंगे	चेलेंज
chahunaur	चहुंओर	चाुनौर
chahunor	चहुंओर	चाहूनोर
chanval	चांवल	चानवल
chanwal	चांवल	चावल
chachaji	चाचाजी	चचाजी
chadar	चादर	चादार
chadaron	चादरों	चददरों
chadron	चादरों	चद्रों
chan	चान	चान
chanan	चानन	चनन
chaplusi	चापलूसी	चपलुसी
chayal	चायल	चयल
char	चार	चार
charon	चारों	चारों
charge	चार्ज	चर्ज
chart	चार्ट	चर्ट
charton	चार्टों	चार्टन
charts	चार्ट्स	चर्ट्स
chaalit	चालित	चलित
chalit	चालित	चलित
chikitsak	चिकित्सक	चिकित्साक
chikitsakon	चिकित्सकों	चिकित्साकों
chikhali	चिखली	चिखली
chiththi	चिट्ठी	चित्थी
chitthi	चिट्ठी	चिट्ठी
chithhi	चिठ्ठी	चिती
chiththi	चिठ्ठी	चित्थी
chitthi	चिठ्ठी	चिट्ठी
chidchidapan	चिडचिडापन	चिड़चिड़ापन
chidchidapan	चिड़चिड़ापन	चिड़चिड़ापन
chidhate	चिढ़ते	चिढ़ते
chidhte	चिढ़ते	चिढ़ते
chithrkar	चित्रकार	चित्रकार
chitrkar	चित्रकार	चित्रकार
chipakane	चिपकने	चिपकनने
chipakne	चिपकने	चिपकने
chipkane	चिपकने	चिपकाने
chimati	चिमटी	चिमती
chimti	चिमटी	चिमटी
chillane	चिल्लाने	चिलनाने
chee	ची	ची
chi	ची	ची
chuka	चुका	चुका
chune	चुने	चुने
chunar	चूनर	चुनार
changed	चेंज्ड	चेंज्ड
chetti	चेट्टी	चेट्टी
chennai	चेन्नई	चेनाई
chero	चेरो	चेरो
chest	चेस्ट	चेस्ट
championship	चैंपियनशिप	चंपियंशिप
chor	चोर	चोर
choro	चोरों	चोरो
choron	चोरों	चोरों
chauk	चौक	चौक
chowk	चौक	चक
chauka	चौका	चौका
chuka	चौका	चुका
chaukiyan	चौकियां	चौकियां
chauki	चौकी	चौकी
chaukhate	चौखटे	चौखते
chauguni	चौगुनी	चौगुनी
chauda	चौड़ा	चौड़ा
chaudah	चौड़ा	चौदह
chaudahavan	चौदहवां	चौदहवान
chaudhavan	चौदहवां	चौधवान
chaudhawan	चौदहवां	चौधवान
chaupati	चौपाटी	चौपती
chupaty	चौपाटी	चुपट्य
chaupal	चौपाल	चौपल
chaurai	चौरई	चौराई
chausinga	चौसिंगा	चौसिंगा
chausingha	चौसिंगा	चौसिंघा
chhagan	छगन	छगन
chhabi	छबि	छबी
chhalla	छल्ला	छल्ला
chhallaa	छल्ला	छल्ला
chhaviyaan	छवियाँ	छवियां
chhaviyan	छवियाँ	छावियां
chhavi	छवी	छावी
cheh	छह	चह
chhah	छह	छह
chehon	छहों	चेहों
chhahon	छहों	छहों
chhai	छाई	छाई
chhagla	छागला	छगला
chhajan	छाजन	छजन
chhaati	छाती	छाती
chhati	छाती	छती
chhaapemaar	छापेमार	छापेमार
chhapemar	छापेमार	छापेमर
chheenk	छींक	छक
chhink	छींक	छिक
chink	छींक	चिंक
chenkein	छींके	चेंकेन
chhekein	छींके	छेकें
chhinke	छींके	छींके
chhinky	छींके	छींके
chinke	छींके	चींके
chhudaane	छुडाने	छुड़ाने
chhudane	छुडाने	छुड़ाने
chhupakar	छुपकर	छुपाकर
chhupkar	छुपकर	छुपकर
chhupkr	छुपकर	छुपकर
chhupata	छुपता	छुपटा
chhupta	छुपता	छुप्ट
chhuptaa	छुपता	छुप्टा
chhura	छुरा	छुड़ा
chhuraa	छुरा	छुड़ा
chhuree	छुरी	छुरी
chhuri	छुरी	छुरी
chhure	छुरे	छुरे
chhootane	छूटने	छूटने
chhutane	छूटने	छुटाने
chhutne	छूटने	छुटने
chheter	छेत्र	छेतर
chhetr	छेत्र	छेत्र
chhetter	छेत्र	छेत्तर
chhetri	छेत्री	छेत्री
chhetthari	छेत्री	छेत्ठारी
chhetthri	छेत्री	छेत्रही
chai	छै	चाई
chhai	छै	छाई
chhe	छै	छे
jagaega	जगाएगा	जगागा
jagayega	जगाएगा	जगाएगा
jaghaega	जगाएगा	जगाएगा
jgaayega	जगाएगा	जगाएगा
jgayegaa	जगाएगा	जगाएगा
jajaon	जजों	जजाओं
jajon	जजों	जाजों
jad	जड़	जड़
jadd	जड़	जद्द
jaddit	जड़ित	जद्तित
jadeite	जड़ित	जड़ेते
jadet	जड़ित	जड़ेट
jadit	जड़ित	जड़ित
jadein	जड़ें	जाड़ें
jaden	जड़ें	जड़ें
jatara	जतरा	जतारा
jatra	जतरा	जात्रा
jataati	जताती	जताति
jatatee	जताती	जताती
jatati	जताती	जताति
janagananaa	जनगणना	जनगनना
janaganna	जनगणना	जनागन्न
jangadnaa	जनगणना	जंगड़ना
janganana	जनगणना	जंगनना
janganna	जनगणना	जांगना
janajagran	जनजागरण	जनाजगरण
janjaagran	जनजागरण	जनजागरण
janjagran	जनजागरण	जनजागरण
january	जनवरी	जनुरी
janahaani	जनहानि	जनहानी
janahani	जनहानि	जनहानी
janhaani	जनहानि	जनहाननी
janhani	जनहानि	जाहननी
jnhaani	जनहानि	जनहानी
jamaate	जमाती	जमाते
jamaati	जमाती	जमाती
jamati	जमाती	जमती
jamaaya	जमाया	जमाया
jamaeya	जमाया	जमाए
jamaya	जमाया	जमाया
jamayaa	जमाया	जमाया
jamuai	जमुई	जमई
jamuei	जमुई	जेई
jamui	जमुई	ज़ूमी
jai	जय	जई
jay	जय	जय
jaidayal	जयदयाल	जयदाल
jayadayal	जयदयाल	जययदाल
jaydayal	जयदयाल	जयदायल
jaibaan	जयबाण	जयबन
jaiban	जयबाण	जैबन
jaybaan	जयबाण	जयबान
jayalalita	जयललिता	जयललिता
jayalalitaa	जयललिता	जयललिता
jayalalithaa	जयललिता	थालयथालिथा
jaylalita	जयललिता	जयललिता
jarakh	जरख	जरख
zarakh	जरख	जरख
jarda	जर्दा	जरदा
jardaa	जर्दा	जरदा
zarda	जर्दा	जरदा
jalagati	जलगति	जलगती
jalgati	जलगति	जलगती
jalgti	जलगति	जलगती
jalte	जलते	जलते
jalbharav	जलभराव	जलभराव
jalbhraav	जलभराव	जलभराव
jalbhrav	जलभराव	जलभराव
jalvaayu	जलवायु	जलवायु
jalvayu	जलवायु	जलवायु
jalesar	जलेसर	जलेसर
jasmeet	जसमीत	जसमीत
jasmit	जसमीत	जसमीत
jassee	जस्सी	जससी
jassi	जस्सी	जेसी
jamaanaa	ज़माना	जमाना
jamana	ज़माना	जमाना
zamaanaa	ज़माना	जमाना
zamana	ज़माना	जमाना
jaljale	ज़लज़ले	जलजले
zalzale	ज़लज़ले	जलजले
zee	ज़ी	जी
jubaan	ज़ुबान	जुबान
juban	ज़ुबान	जुबान
zuban	ज़ुबान	जुबान
jaanch	जाँच	जांच
jaaunch	जाँच	जाऊंच
janch	जाँच	जांच
jaunch	जाँच	जांच
jaagriti	जागृति	जागरीति
jagriti	जागृति	जगरीति
jagruti	जागृति	जगरूति
jajamau	जाजमऊ	जजऊऊ
jajmau	जाजमऊ	जजमऊ
jajmauu	जाजमऊ	जजमऊऊ
jaat	जात	जाट
jat	जात	जाट
jaatak	जातक	जकत
jatak	जातक	जटक
jaatakon	जातकों	जातकों
jaatkon	जातकों	जातकों
jatakon	जातकों	जटकों
jaatiyon	जातियों	जातियों
jatiyon	जातियों	जातियों
jaankaaron	जानकारों	जानकारों
jaankaron	जानकारों	जानकारों
jankaron	जानकारों	जानकारों
jaanam	जानम	जननम
janam	जानम	जन्म
jaayke	जायके	जायके
jayke	जायके	जायके
jaawar	जावर	जावर
zawar	जावर	जवार
jing	जिंग	जिंग
gin	जिन	गिन
jeen	जिन	जीन
jin	जिन	जिन
ginee	जिनी	गिनी
jinee	जिनी	जिनी
jini	जिनी	जिनी
geneva	जिनीवा	जिनेवा
jeneva	जिनीवा	जेनेवा
jiniva	जिनीवा	जिनिवा
gypsy	जिप्सी	जिप्सी
jimme	जिम्मे	जिमे
jiya	जिया	जिया
gic	जीआईसी	जीईसी
gr	जीआर	गीआर
gm	जीएम	जीएम
gsm	जीएसएम	एसएमजी
gtod	जीतोड़	गटोड़
gtor	जीतोड़	ग्टोर
jeetod	जीतोड़	जितोड़
jitod	जीतोड़	जितोड़
jean	जीन	जिन
jeen	जीन	जीन
jin	जीन	जिन
jeenon	जीनों	जीनों
jinon	जीनों	जीनों
jeepney	जीपनी	जिपने
jipani	जीपनी	जिपानी
jeeyo	जीयो	जीयों
jio	जीयो	जिओ
jiyo	जीयो	जियो
jeera	जीरा	जीरा
jira	जीरा	जीरा
jeevant	जीवंत	जीवंत
jivant	जीवंत	जीवंत
jeevan	जीवन	जीवन
jeewan	जीवन	जीवन
jivan	जीवन	जीवन
jiwan	जीवन	जीवन
jeevanshaili	जीवनशैली	जीवनशालीली
jivanshaili	जीवनशैली	जीवनशाली
jeevniyaan	जीवनियां	जीवनियां
jivaniya	जीवनियां	जीवनिया
jivaniyaan	जीवनियां	जीवनियां
jivaniyan	जीवनियां	जीवनियां
jeevraaj	जीवराज	जीवराज
jivraj	जीवराज	जीवराज
jua	जुए	जुआ
jue	जुए	जु
juye	जुए	जे
jutee	जुटी	जुटी
juti	जुटी	जूती
judaai	जुड़ाई	जुड़ाई
judae	जुड़ाई	जुड़ाई
judai	जुड़ाई	जुडाई
judaai	जुदाई	जुड़ाई
judai	जुदाई	जुडाई
junoon	जुनून	जूनूं
junun	जुनून	जूनू
junooni	जुनूनी	जूनूनी
jununi	जुनूनी	जुनुनी
jubair	जुबेर	जुबैर
juber	जुबेर	ज़ुबैर
zubair	जुबेर	जुबैर
juraab	जुराब	जुराब
jurab	जुराब	जुरबब
julaahon	जुलाहों	जुलाहों
julahon	जुलाहों	जुलाहों
julmon	जुल्मों	जुलमों
zulmon	जुल्मों	जुल्मों
jood	जूड	जुड़
jud	जूड	जुड़
junagadh	जूनागढ	जूनागढ़
junagarh	जूनागढ	जूनागढ़
junior	जूनियर	जुनियर
jealous	जूलूस	जीलोस
juloos	जूलूस	जुलूस
julus	जूलूस	जुलूस
jetha	जेठा	जेठा
jenner	जेनर	जेनर
generic	जेनरिक	जेनेरिक
jenrick	जेनरिक	जेनरिक
generat	जेनरेट	जनरेट
generate	जेनरेट	जनरेट
jenee	जेनी	जेनी
jenni	जेनी	जेनी
jenny	जेनी	जेनी
james	जेम्स	जेम
jeremy	जेरेमी	जेरेमी
gerome	जेरोम	जर्मो
jerome	जेरोम	जेरोम
jacks	जैक्स	जैक्स
jain	जैन	जैन
gene	जैने	गेने
jaine	जैने	जाने
jaino	जैनों	जैनो
jainon	जैनों	जैनों
jerry	जैरी	जेरी
jasper	जैस्पर	जैपर
jogging	जॉगिंग	जजंग
johnson	जॉनसन	जॉन्सन
jobs	जॉब्स	जॉब्स
jockey	जोकि	जॉकी
joki	जोकि	जोकी
jokhim	जोखिम	जोखिम
joddta	जोड़ता	जोड़ता
jodta	जोड़ता	जोडता
jorhta	जोड़ता	जोड़ता
jodiyon	जोड़ियों	जोड़ियों
jodo	जोड़ो	जोड़ो
jaun	जौं	जौन
gyatavya	ज्ञातव्य	ज्ञातव्य
gyatvy	ज्ञातव्य	ज्ञातव्य
gyapit	ज्ञापित	ज्ञापित
jyotiba	ज्योतिबा	ज्योतिबा
joint	ज्वाइंट	जॉइंट
jvar	ज्वार	ज्वर
jwar	ज्वार	ज्वर
jvaaron	ज्वारों	ज्वारों
jvaron	ज्वारों	ज्वारों
jwaron	ज्वारों	ज्वारों
jewellers	ज्वेलर्स	ज्वैलर्स
jh	झ	ज
jha	झ	झा
jhalakti	झलकती	झलकती
jhalkati	झलकती	झलकती
jhalla	झल्ला	झलला
jhankana	झांकना	झनकाना
jhankna	झांकना	झनका
jheel	झील	झील
jhil	झील	झील
jheelon	झीलों	झीलों
jhilon	झीलों	झीलों
jhuthala	झुठला	झुठला
jhuthla	झुठला	झुठला
jhuthalane	झुठलाने	झुठलाने
jhuthlane	झुठलाने	झुठलाने
tankaar	टंकार	टंकार
tankar	टंकार	टांकर
takara	टकरा	टकरा
takra	टकरा	टकरा
takaraon	टकरावों	ताकाराओं
takravon	टकरावों	टकरावों
tapakti	टपकती	तपकती
tapkati	टपकती	टपकती
time	टाइम	टाईम
timer	टाइमर	टाइमर
taoo	टाऊ	ताऊ
tau	टाऊ	ताऊ
tapoowo	टापुओं	टपू
tapuon	टापुओं	तापुओं
tapuwo	टापुओं	टापूओ
tied	टायर्ड	ट्यूड
tired	टायर्ड	ट्यर्ड
tyred	टायर्ड	ट्यर्ड
tarch	टार्च	तार्च
torch	टार्च	टॉर्च
tik	टिक	टीक
teap	टिप	टीप
tip	टिप	टीप
tippanikar	टिप्पणीकार	तिप्पणिकार
tippnikar	टिप्पणीकार	तिप्पनिकर
tivolee	टिवोली	तिवोली
tivoli	टिवोली	तिवोली
teekamgarh	टीकमगढ़	तीकमगाढ़
tikamgarh	टीकमगढ़	तीकमगढ़
teekon	टीकों	टीकों
tikon	टीकों	टीकों
two	टु	टू
tension	टेंशन	टेंशन
tenis	टेनिस	टेनिस
tennis	टेनिस	टेनिस
taste	टेस्ट	तस्ते
test	टेस्ट	टेस्ट
tasting	टेस्टिंग	टिंग्ट
testing	टेस्टिंग	टिस्टिंग
tainin	टैनिन	तिनीन
tenin	टैनिन	टेनिन
tanish	टैनिस	तीश
tennis	टैनिस	टेनिस
taboo	टैबू	तबू
taiboo	टैबू	तैबू
taobao	टैबू	ताबाओ
tonic	टॉनिक	टोनिक
tonga	टोंगा	टोंगा
toka	टोका	टोका
tuesday	ट्यूजडे	ट्यूसडे
tuning	ट्यूनिंग	टिंग
tuberculosis	ट्यूबरक्यूलोसिस	ट्यूबरकोलससस
tuberkyulosis	ट्यूबरक्यूलोसिस	सिब्रुक्योलि
truck	ट्रक	ट्रक
trangistor	ट्रांजिस्टर	ट्रांजिस्टर
tranjister	ट्रांजिस्टर	ट्रांजिस्टर
transistor	ट्रांजिस्टर	ट्रांसिस्टर
transfer	ट्रान्सफर	ट्रांसफर
tribunal	ट्रिब्युनल	ट्रिब्यूलन
tribunal	ट्रिब्यूनल	ट्रिब्यूलन
trubyunal	ट्रिब्यूनल	ट्रब्यूनल
truth	ट्रुथ	त्रुथ
tuth	ट्रुथ	थ
traded	ट्रेडेड	ट्रेड्ड
trabal	ट्रेबल	ट्रबल
trebal	ट्रेबल	ट्रेबल
trouble	ट्रेबल	ट्रबल
traip	ट्रैप	ट्रेप
trap	ट्रैप	ट्रेप
trot	ट्रॉट	ट्रोट
trott	ट्रॉट	ट्रोट
thakkar	ठक्कर	ठक्कर
thakkr	ठक्कर	ठक्कर
thaharne	ठहरने	ठहराने
thahrane	ठहरने	ठहराने
theharne	ठहरने	ठहरने
thikane	ठिकाने	ठिकाने
thumari	ठुमरी	थुमारी
thumri	ठुमरी	थुमरी
theinga	ठेंगा	ठेंगा
thenga	ठेंगा	ठेंगा
thengaa	ठेंगा	ठेंगा
daglas	डगलस	दगलास
douglas	डगलस	दौगलस
dabhara	डभरा	दाभरा
dabhra	डभरा	दाभरा
dabhoi	डभोई	दबई
dam	डम	डैम
dum	डम	द
darate	डराते	डरते
daratey	डराते	डरते
daravani	डरावनी	दारवानी
darawani	डरावनी	दरावणी
dravani	डरावनी	द्रवानी
down	डाउन	डाउन
daak	डाक	डाक
dak	डाक	डक
daka	डाका	डका
dabi	डाबी	दबी
dabolim	डाबोलिम	डबोलिम
dinosaur	डायनासोर	दिनोसौर
diaries	डायरीज	डियररेज
dit	डिट	दीट
depthiriya	डिप्थीरिया	देप्थिरीय
diphtheria	डिप्थीरिया	दिप्थेरिया
de	डीई	दे
dealership	डीलरशिप	दीलर्शिप
dvc	डीवीसी	डीवीसी
dubaana	डुबाना	दूबना
dubana	डुबाना	दूबना
dubona	डुबोना	डूबोना
dulne	डुलने	डुलने
doonarpur	डूंगरपुर	दुनारपुर
doongarpur	डूंगरपुर	दुंगरपुर
dungarpur	डूंगरपुर	दुंगरपुर
dungerpur	डूंगरपुर	दुंगरपुर
dubana	डूबना	दूबना
dubna	डूबना	दूबना
dangerous	डेंजरस	डंगरोसस
daisy	डेजी	डैस्य
dazy	डेजी	देजी
deji	डेजी	देजी
deputy	डेप्युटी	डिप्टी
davidson	डेविडसन	डाविडसन
devidson	डेविडसन	डेविडसन
davey	डेवी	डेव
devi	डेवी	देवी
dewey	डेवी	डेवे
destination	डेस्टिनेशन	डेस्टिनेशन
datson	डैटसन	दत्सन
datsun	डैटसन	दत्सून
daddy	डैडी	दद्य
dark	डॉर्क	डर्क
dork	डॉर्क	डोर्क
dose	डोज	डोस
domenic	डोमेनिक	डोमेनिक
doranda	डोरंडा	डोरांडा
dolane	डोलने	डोलने
dolne	डोलने	डॉने
dual	ड्युअल	डुएल
duak	ड्यूक	दुक
duke	ड्यूक	डुके
drame	ड्रामे	ड्रेम
dramen	ड्रामे	ड्रैमेन
drager	ड्रेजर	ड्रेजर
dredger	ड्रेजर	ड्रेजर
dreijer	ड्रेजर	ड्रेजर
dhakaal	ढकाल	ढकाल
dhakal	ढकाल	ढकल
dhakkal	ढकाल	धक्कल
dhkal	ढकाल	ढकाल
dhale	ढले	ढाले
dhoondh	ढूंढ	ढढ़
dhundh	ढूंढ	धुंध
dhoondhata	ढूंढता	धूंढता
dhundhata	ढूंढता	धुंधता
dhundhta	ढूंढता	धुंधता
dhoondhi	ढूंढी	धूंढ़ी
dhundhi	ढूंढी	धुंधी
tanjavur	तंजावुर	तंजावूर
thanjavur	तंजावुर	तंजावूर
tantr	तंत्र	तंत्र
tantra	तंत्र	तांत्र
tantrikao	तंत्रिकाओं	तंत्रिकाओं
tantrikaon	तंत्रिकाओं	तंत्रिकाओं
tantro	तंत्रों	टैंट्रो
tantron	तंत्रों	तंत्रों
tagade	तगड़े	तगड़े
tagde	तगड़े	टगड़े
tadipaar	तड़ीपार	तादीपार
tadipar	तड़ीपार	तादीपर
tani	तनी	तनी
tapan	तपन	तपन
tarafa	तरफा	तरफा
tarfa	तरफा	तरफा
tarabganj	तरबगंज	तरबबगंज
taras	तरस	तरस
taraash	तराश	तारश
tarash	तराश	तारश
tarashay	तराशे	तराशय
tarashe	तराशे	तारशे
tareeko	तरीको	तरीको
tariko	तरीको	तारिको
tark	तर्क	तर्क
tarkvaad	तर्कवाद	तरक्वाद
tarkvad	तर्कवाद	तारकवाड
tarkwaad	तर्कवाद	तरक्वाद
tarko	तर्कों	तरको
tarkon	तर्कों	तरकों
talabgaar	तलबगार	तलाबगार
talabgar	तलबगार	तलाबगार
talbagaar	तलबगार	तलबागार
talbagar	तलबगार	तलबागार
talawe	तलवे	तलावे
talve	तलवे	तलवे
talawon	तलवों	तलावों
talvon	तलवों	तलवों
tahakhana	तहखाना	तहखाना
tahkhaana	तहखाना	तहखाना
tahkhana	तहखाना	तहखाना
taantaa	तांता	तांता
tanta	तांता	टांटा
tambe	तांबे	तांबे
tanbe	तांबे	तांबे
taaja	ताजा	ताजा
taajaa	ताजा	ताजा
taaza	ताजा	ताजा
taja	ताजा	ताजा
taza	ताजा	ताजा
tansen	तानसेन	तांसें
taapmaanon	तापमानों	तापमानों
tapmano	तापमानों	तामानों
tapmanon	तापमानों	तामानों
taapti	ताप्ती	ताप्ति
tapti	ताप्ती	तप्ती
tarabai	ताराबाई	तराबाई
taseer	तासीर	तसीर
tasir	तासीर	तासिर
taahi	ताहि	ताही
tahi	ताहि	तही
tikone	तिकोने	टीकोण
tirupati	तिरूपति	तिरूपति
tiwari	तिवारी	तिवाड़ी
ti	ती	ती
teer	तीर	टीयर
tir	तीर	तीर
teeron	तीरों	तीरों
tiron	तीरों	तीरों
tirthatan	तीर्थाटन	तीर्थान
tungnath	तुंगनाथ	तूंगनाथ
tughlaq	तुगलक	तुगलाक
tuglak	तुगलक	तुगलक
tughlakabad	तुगलकाबाद	तुगलकाबद
tughlaqabad	तुगलकाबाद	बुघलाकाबाद
tuglakabad	तुगलकाबाद	तुगलकाबड़
tugalaki	तुगलकी	तुगलकी
tugalki	तुगलकी	तुगलककी
tuglaki	तुगलकी	तुगलककी
tufail	तुफैल	टफुएल
tejaji	तेजाजी	तेजजी
teji	तेजी	तेज़ी
tel	तेल	टेल
telon	तेलों	टेलों
to	तो	टू
toh	तो	तोह
taul	तौल	टल
tyohaar	त्यौहार	त्योहार
tyohar	त्यौहार	त्योहार
tyoihar	त्यौहार	त्योहार
tyauharon	त्यौहारों	त्यौहारों
tyoharon	त्यौहारों	त्योहारों
tyoiharon	त्यौहारों	त्योहारों
trijata	त्रिजटा	त्रिजता
trijta	त्रिजटा	त्रिजता
triya	त्रिया	ट्रिया
tremasik	त्रैमासिक	त्रेमासिक
trimasik	त्रैमासिक	त्रिमासिक
tse	त्से	टेस
thaki	थकी	ठकी
thki	थकी	ठकी
tharti	थर्टी	थर्ती
thirty	थर्टी	थीर्टी
thane	थाणे	थाने
thaanvi	थानवी	ठानवी
thanvi	थानवी	ठावी
theateron	थिएटरों	ठीटरों
theatron	थिएटरों	थीत्रों
theaters	थिएटर्स	थर्टर्स
theater	थियेटर	थीटर
theatre	थियेटर	थीत्रे
theateron	थियेटरों	ठीटरों
theatron	थियेटरों	थीत्रों
thitron	थियेटरों	थित्रों
theaters	थियेटर्स	थर्टर्स
theatrs	थियेटर्स	थ्रेट्सर्स
thiyeters	थियेटर्स	थियटर्स
thirake	थिरके	ठिरके
thirke	थिरके	ठिरके
thief	थीफ	थीफ
then	थेन	थें
theni	थेनी	ठेनी
thailee	थैली	ठैली
thaili	थैली	थीली
thaile	थैले	थैले
dang	दंग	डैंग
danga	दंगा	दांगा
dangon	दंगों	डांगों
dampati	दंपति	दमपती
danpati	दंपति	दानपति
dampatiyon	दंपतियों	दंपतियों
dampattiyon	दंपतियों	दंपत्तियों
danptiyon	दंपतियों	दंपत्यों
dadreva	ददरेवा	दद्रेवा
dadrewa	ददरेवा	दैर्वे
damoh	दमोह	दमोह
dardara	दरदरा	दरदारा
dardraa	दरदरा	दर्दरा
durdhara	दरदरा	दूरधरा
darmiyaan	दरमियान	दरमियां
darmiyan	दरमियान	डरमियां
darjano	दर्जनों	दर्जनों
darjanon	दर्जनों	दर्जनों
darp	दर्प	डरपीआर
darra	दर्रा	डराा
dalbadal	दलबदल	दलबदल
dalbadl	दलबदल	दलबदल
dali	दली	डली
dastaanaa	दस्ताना	दस्ताना
dastana	दस्ताना	दास्ताना
dastavej	दस्तावेज	दस्तावेज़
dahan	दहन	दहन
dahal	दहल	डहल
da	दा	दीए
daakhil	दाखिल	दाख़िल
dakhil	दाखिल	दाख़िल
daakhile	दाखिले	दाख़ले
dakhile	दाखिले	दखखले
daataa	दाता	दाता
data	दाता	डाटा
dadari	दादरी	दादारी
daanshil	दानशील	दानशील
danshil	दानशील	दंशील
daabholkar	दाभोलकर	दाभोलकर
dabholkar	दाभोलकर	दाभोलकर
damale	दामले	डमले
damle	दामले	डमले
dayitv	दायित्व	दययत्व
dayitva	दायित्व	दययित्व
dayitwa	दायित्व	दययित्व
dayitvon	दायित्वों	दययित्वों
dayityon	दायित्वों	दयित्यों
darul	दारूल	दरुल
daav	दाव	दाव
daaw	दाव	दाव
dav	दाव	दववी
daw	दाव	डॉवी
daah	दाह	दाह
dah	दाह	दह
dikhla	दिखला	दिखला
dikhlaa	दिखला	दिखला
dikhaaiye	दिखाइये	दिखाइए
dikhaiye	दिखाइये	दिखाइए
dikhaai	दिखाई	दिखाई
dikhai	दिखाई	दिखाई
dikhayi	दिखाई	दिखाई
dikhaaee	दिखाईं	दिखाई
dikhaai	दिखाईं	दिखाई
dikhaain	दिखाईं	दिखाइन
dikhaee	दिखाईं	दिखाई
dikhai	दिखाईं	दिखाई
dikhayin	दिखाईं	दिखाइन
dikhai	दिखायी	दिखाई
dikhayi	दिखायी	दिखाई
dikhaai	दिखार्इ	दिखाई
dikhae	दिखार्इ	दिखाए
dikhai	दिखार्इ	दिखाई
dikhayi	दिखार्इ	दिखाई
dita	दिता	दीता
ditaa	दिता	दीता
dinaank	दिनांक	दिनांक
dinank	दिनांक	दिनांक
dirham	दिरहम	दीरहम
dilaaye	दिलाये	दिलाए
dilaye	दिलाये	दिलाए
deewani	दिवानी	दीवानी
diwani	दिवानी	दिवानी
divy	दिव्य	दिव्य
divya	दिव्य	दिव्य
divyata	दिव्यता	दीव्यता
divya	दिव्या	दिव्य
deepan	दीपन	दीपन
deepn	दीपन	दीपन
dipan	दीपन	दीपन
deepsingh	दीपसिंह	डीपिशह
dipsingh	दीपसिंह	डिपिश
deepika	दीपिका	दीपिका
dipika	दीपिका	दीपिका
deeya	दीया	दीया
diya	दीया	दिया
dukaanon	दुकानों	दुकानों
dukanon	दुकानों	दूकानों
dukke	दुक्के	दुक्के
dukhan	दुखन	दुखन
dukhit	दुखित	दुखित
dukhiyon	दुखियों	दुखियों
dukhon	दुखों	दूखों
dubhashiyon	दुभाषियों	दुभाषियों
durgun	दुर्गुण	दुर्गुण
durghatna	दुर्घटना	दूर्घटना
durghtna	दुर्घटना	दूर्घटना
duneerti	दुर्नीति	दुनीर्ति
durniti	दुर्नीति	दूर्णिति
durbhiksh	दुर्भिक्ष	दुर्भिक्ष
duvidhaaen	दुविधाएं	दुविधाएं
duvidhaayein	दुविधाएं	दुविधाएं
duvidhaen	दुविधाएं	दुविधाएं
duwaidhaayein	दुविधाएं	दयएं
dune	दूने	दूने
doordarshan	दूरदर्शन	दूरदर्शन
durdarshan	दूरदर्शन	दूरदर्शन
dradh	दृढ़	द्राध
dridh	दृढ़	दृध
dekhoge	देखोगे	देखेज
denevaali	देनेवाली	देनेवाली
denevali	देनेवाली	देनेवाली
denewaali	देनेवाली	देनेवाली
denewali	देनेवाली	देनेवाली
deonar	देवनार	डियनर
devnaar	देवनार	देवनार
devnar	देवनार	देवनार
devaapur	देवापुर	देवापुर
devapur	देवापुर	देवपपुर
devi	देवी	देवी
devisingh	देवीसिंह	डिविजिह
devisinh	देवीसिंह	डिविजन
deshkaal	देशकाल	देशकाल
deshkal	देशकाल	देशकल
deshke	देशके	देशके
desai	देसाई	देसाई
doge	दोगे	डग
dvadash	द्वादश	द्वादश
dwaadas	द्वादश	द्वादास
dvivedi	द्विवेदी	द्विवेदी
dwivedi	द्विवेदी	द्विवेदी
dhande	धंधे	ढंडे
dhandhe	धंधे	ढ़े
dhndhe	धंधे	ढ़े
dhandhon	धंधों	ढंढों
dhandon	धंधों	ढंडों
dhakelte	धकेलते	धकेलते
dhkelate	धकेलते	धकेलते
dhatana	धटना	ढाना
dhatna	धटना	ढतना
dhankuber	धनकुबेर	धनकुबर
dhanadhany	धनधान्य	धनाढ़्य
dhandhaanya	धनधान्य	धनधान्य
dhandhany	धनधान्य	धनधन्य
dhandhanya	धनधान्य	धनधान्य
dhamkaataa	धमकाता	धमकाता
dhamkata	धमकाता	धमकता
dhamm	धम्म	धम्म
dhamma	धम्मा	धम्म
dhammaa	धम्मा	धम्मा
dharmnath	धर्मनाथ	धर्मनाथ
dharmraj	धर्मराज	धर्मराज
dharmesh	धर्मेश	धर्मेश
dhasmaanaa	धस्माना	धस्मान
dhasmana	धस्माना	धस्मान
dhaak	धाक	ढक
dhak	धाक	ढक
dhaaga	धागा	ढा
dhaagaa	धागा	ढा
dhaga	धागा	ढागा
dhaatuein	धातुएं	धातुएं
dhaatuyein	धातुएं	धातुएं
dhtuen	धातुएं	धतुएं
dhaarak	धारक	धारक
dharak	धारक	धकरक
dhaari	धारी	धारी
dhari	धारी	धारी
dhuan	धुआं	धुन
dhunaai	धुनाई	धुईंई
dhunai	धुनाई	धुईंई
dhuriya	धुरिया	धुरिया
dhuriyaa	धुरिया	धुरियां
dhuni	धूनी	धुनी
dhairyavaan	धैर्यवान	धैर्यवान
dhairyawan	धैर्यवान	धैर्यवान
dhiryavan	धैर्यवान	धीर्यवान
dhiryawaan	धैर्यवान	धीर्यवान
dhokebaaj	धोखेबाज	धोकेबाज
dhokebaaz	धोखेबाज	धोकेबाज
dhokebaj	धोखेबाज	धोकेबाज
dhokebaz	धोखेबाज	धोकेबाज
dhokhebaaj	धोखेबाज	धोखेबाज
dhokhebaj	धोखेबाज	धोखेबाज
dhona	धोना	ढोना
dhonaa	धोना	ढोना
dhoraaji	धोराजी	धोराजी
dhoraji	धोराजी	धोरजी
dhoron	धोरों	धोरों
dhyeyavaadi	ध्येयवादी	ध्यावादी
dhyeywadi	ध्येयवादी	ध्येवादी
dyeyvadi	ध्येयवादी	द्येवादी
dhrupad	ध्रुपद	ध्रुपद
drupad	ध्रुपद	द्रुपद
nandanvan	नंदनवन	नंदनवान
nadsa	नक्सल	नदसा
naksal	नक्सल	नक्सल
naxal	नक्सल	नक्सल
naksalavaad	नक्सलवाद	नकसालवाद
naksalwaad	नक्सलवाद	नकसलवाद
naksalwad	नक्सलवाद	नकसालवाद
naxalvaaad	नक्सलवाद	नक्लवाद
naxalwaad	नक्सलवाद	नक्लवाद
naksaliyon	नक्सलियों	नक्सलियों
naxaliyon	नक्सलियों	नक्लियों
naksali	नक्सली	नकसाली
naxali	नक्सली	नक्लली
nagaada	नगाड़ा	नगाड़ा
nagaadaa	नगाड़ा	नगाड़ा
nagaaraa	नगाड़ा	नगारा
nageene	नगीने	नागीने
nagine	नगीने	नागीने
najarandaaj	नजरंदाज	नज़रंदाज़
najarandaaz	नजरंदाज	नज़रंदाज़
nazarandaaj	नजरंदाज	नज़रंदाज़
nazarandaaz	नजरंदाज	नज़रंदाज़
nazarandaz	नजरंदाज	नज़रंदाज़
najraane	नजराने	नज़ाने
nazraane	नजराने	नज़ाने
najariyon	नजरियों	नज़ियों
najriyon	नजरियों	नज़रियों
najron	नजरों	नज़रों
najeeb	नजीब	नजीब
najib	नजीब	नाजीब
najibabaad	नजीबाबाद	नजीबबाबाद
najibabad	नजीबाबाद	नजीबबाद
najeem	नजीम	नजीम
najim	नजीम	नाजिम
nazeem	नजीम	नजीम
nana	नना	नाना
nanaa	नना	नाना
nna	नना	ननए
nanhe	नन्हें	नन्हे
nanhein	नन्हें	नन्हें
nabj	नब्ज़	नब्ज
nabja	नब्ज़	नब्जा
nabz	नब्ज़	नब्ज
namkeen	नमकीन	नमकीन
namkin	नमकीन	नमकीन
narnaari	नरनारी	नर्नारी
narnari	नरनारी	नर्नरी
narbhakshi	नरभक्षी	नरभक्षी
naram	नरम	नर्म
narm	नरम	नर्म
narmi	नरमी	नरमी
narsanhar	नरसंहार	नरसंहार
narsanharon	नरसंहारों	नरसंहारों
november	नवंबर	नोवंबर
navketan	नवकेतन	नवकेतन
navjaagaran	नवजागरण	नवजागरण
navjagran	नवजागरण	नवजागरण
navdha	नवधा	नवधा
navvadhoo	नववधू	नववाधो
navvadhu	नववधू	नववाधु
nava	नवा	नवा
navaa	नवा	नवा
navate	नवाते	नवाते
navanagar	नवानगर	नवानगर
nawanagar	नवानगर	नवानगर
navya	नव्या	नव्य
naseem	नसीम	नसीम
nasim	नसीम	नसीम
nights	नाइट्रस	नाईट्स
nitrous	नाइट्रस	नाइट्रास
nineteez	नाइनटीज	निनेटीज
nineties	नाइनटीज	निनेटीज
ninties	नाइनटीज	निइटीज
nau	नाऊ	नौ
nauu	नाऊ	नऊ
naakaam	नाकाम	नाकाम
nakam	नाकाम	नकम
naagrik	नागारिक	नागरिक
nagarik	नागारिक	नागरिक
nagrik	नागारिक	नागरिक
nagin	नागिन	नगीन
nadep	नाडेप	नडेप
nanak	नानक	नक
nanavati	नानावती	नानावटी
napane	नापने	नापने
napne	नापने	नापने
napa	नापा	नापा
naam	नाम	नाम
naamdhari	नामधारी	नामधारी
namdhari	नामधारी	नामधारी
namankano	नामांकनों	नमानकों
namankanon	नामांकनों	नमानकों
namavaliyon	नामावलियों	नमावलियों
naamo	नामो	नामो
namo	नामो	नमो
nayak	नायक	नयक
naraji	नाराजी	नाराजी
naraingarh	नारायणगढ़	नाराइंगढ़
narayangadh	नारायणगढ़	नारायंगढ़
narayangarh	नारायणगढ़	नारायणगढ़
naasar	नासर	नासर
nahargadh	नाहरगढ	नहारगढ़
nahargarh	नाहरगढ	नहर्गढ़
nikalegi	निकलेगी	निकालेगी
nikalogi	निकलेगी	निकालगी
nikaalani	निकालनी	निकालनी
nikaalni	निकालनी	निकालनी
nikalani	निकालनी	निकलनी
nikalni	निकालनी	निकलनी
nicki	निकी	निकी
nicky	निकी	निकी
niki	निकी	निकी
niketan	निकेतन	निकेटन
nikhar	निखर	निखर
nikhari	निखरी	निखरी
nigar	निगर	निगार
nigger	निगर	नागगर
nichala	निचला	निचला
nichalaa	निचला	निचला
nichla	निचला	निचला
nitiyon	नितियों	नीतियों
nitya	नित्या	नित्य
nityaa	नित्या	नित्य
nidhaan	निधान	निधान
nidhan	निधान	निधन
nipatara	निपटारा	निपटारा
niptaara	निपटारा	निपटारा
niptaaraa	निपटारा	निपटारा
niptara	निपटारा	निपटारा
niyanta	नियंता	नियंता
niyantaa	नियंता	नियंता
niya	निया	निया
niyaa	निया	निया
nirdeshika	निर्देशिका	निर्देशिका
nirdeshikaa	निर्देशिका	निर्देशिका
nirdhaarit	निर्धारित	निर्धारित
nirdharit	निर्धारित	निर्धारित
nirbaadh	निर्बाध	निर्बाध
nirbadh	निर्बाध	निर्बद्ध
niveshakartaa	निवेशकर्ता	निवेशकर्ता
niveshkarta	निवेशकर्ता	निवेशकर्ता
niveshkartaa	निवेशकर्ता	निवेशकर्ता
nischal	निश्चल	निश्चल
nishchal	निश्चल	निश्चल
nishnaat	निष्णात	निश्नत
nishpaap	निष्पाप	निष्पप
nihalaani	निहलानी	निहालनी
nihlaani	निहलानी	निहलानी
nihlani	निहलानी	निहलानी
nihaalchand	निहालचंद	निहालंद
nihalchand	निहालचंद	निहालंद
neechaaee	नीचाई	नीचाई
nichaai	नीचाई	निचाई
neat	नीट	नट
neet	नीट	नीट
neetiyon	नीतियों	नीतियों
nitiyon	नीतियों	नीतियों
neelagaay	नीलगाय	नीलगाय
nilgai	नीलगाय	निलगे
neelaabh	नीलाभ	नीलाभ
nilaabh	नीलाभ	नीलभ
nilabh	नीलाभ	नीलभ
nuskhe	नुस्खे	नुसे
noon	नून	नन
nun	नून	न
noobiyaa	नूबिया	नुबिया
nubiya	नूबिया	नुबिया
nrityashaili	नृत्यशैली	नृत्यशाली
nrutyashaili	नृत्यशैली	नृत्यशाली
nrityon	नृत्यों	नृत्यों
nrutyon	नृत्यों	नृत्यों
neco	नेको	नेको
neko	नेको	नेको
nectar	नेक्टर	नेक्टर
neg	नेग	नग
nega	नेग	नेगा
networking	नेटवर्किग	नेटवर्किंग
neto	नेटो	नेटो
neta	नेता	नेता
nemo	नेमो	नेमो
nelsan	नेल्सन	नेल्सन
nelson	नेल्सन	नेल्सन
nations	नेशंस	नेशंस
nehara	नेहरा	नेहरा
nehra	नेहरा	नेहरा
naino	नैनो	नैइनो
nano	नैनो	नानो
naivedh	नैवेद्य	नैवेद
naivegh	नैवेद्य	नेव
nevedya	नैवेद्य	नेवेद्य
nominate	नॉमिनेट	नॉमिनेट
naukari	नोकरी	नौकरी
naukri	नोकरी	नौकरी
nokari	नोकरी	नोकरी
nokri	नोकरी	नोकरी
notes	नोट्स	नोट्स
nora	नोरा	नोरा
nori	नोरी	नॉरी
nauner	नौनेर	नौनेर
nauvahan	नौवहन	नौवाहन
naushad	नौशाद	नौषद
panchaang	पंचांग	पंचांग
panchang	पंचांग	पंचांग
punchang	पंचांग	पुंचाग
punjab	पंजाब	पुंब
punjabiyon	पंजाबियों	पुंजबियों
pantar	पंटर	पंतर
panter	पंटर	पंटर
punter	पंटर	पंटर
pakaayein	पकाएं	पकाएं
pakaayen	पकाएं	पकाएं
pakaen	पकाएं	पकाएं
pakayen	पकाएं	पाकएं
pakaude	पकौड़े	पकौड़े
pakshapat	पक्षपात	पक्षपत
pakshpaat	पक्षपात	पक्षपात
pakshpat	पक्षपात	पाक्षपत
pagabadha	पगबाधा	पगाबढ़ा
pagbadha	पगबाधा	पगबढ़ा
pagalaa	पगला	पगगा
pagla	पगला	पगला
pachaataa	पचाता	पचाता
pachata	पचाता	पाचता
patakkar	पटककर	पटककार
patkathaayein	पटकथाएं	पटकथाएं
patkathaein	पटकथाएं	पटकथाएं
patkathayen	पटकथाएं	पटकथाएं
patki	पटकी	पटकी
pataraani	पटरानी	पटरानी
patrani	पटरानी	पात्रानी
patavaari	पटवारी	पतवारी
patwari	पटवारी	पटवारी
pataakshep	पटाक्षेप	पताक्षेप
patachep	पटाक्षेप	पाचेप
patakshep	पटाक्षेप	पतक्षेप
patiya	पटिया	पटिया
patiyaa	पटिया	पटिया
padaraunaa	पडरौना	पदराणा
padrauna	पडरौना	पद्रौण
padega	पड़ेगा	पड़ेगा
padegaa	पड़ेगा	पड़ेगा
padha	पढ़ा	पढ़ा
padhaa	पढ़ा	पढ़ा
padhaataa	पढ़ाता	पढ़ाता
padhata	पढ़ाता	पढ़ता
patili	पतीली	पतीली
padamawati	पदमावती	पदामवती
padmavati	पदमावती	पद्मावती
padmawati	पदमावती	पद्मावती
padadhikari	पदाधिकारी	पदाधिकारी
panapnaa	पनपना	पनपना
panpana	पनपना	पनपना
panaamaa	पनामा	पनामा
panama	पनामा	पनामा
paneer	पनीर	पनीर
pammi	पम्मी	पामी
pammu	पम्मी	पमू
pummi	पम्मी	पममी
pummy	पम्मी	पीमीय
pardesiyon	परदेसियों	परदेशियों
pardesi	परदेसी	परदेसी
parva	परवा	पर्व
parvaa	परवा	परवा
parwa	परवा	पर्व
parwaa	परवा	परवा
paraadheen	पराधीन	पराधीन
paraadhin	पराधीन	पराधीन
paradheen	पराधीन	पराधीन
paradhin	पराधीन	पराधीन
parikalpit	परिकल्पित	परिकल्पित
parimal	परिमल	परिमाल
parishad	परिषद	परिशद
parishadiy	परिषदीय	परिशददीय
parishadiya	परिषदीय	परिशददिया
parishadon	परिषदों	परिशदों
parikhaen	परीक्षाएं	परिकाएं
parikshaayein	परीक्षाएं	परिक्षाएं
parikshaen	परीक्षाएं	परिक्षाएं
parosane	परोसने	परोसने
parosne	परोसने	परोसने
parda	पर्दा	परदा
pardaa	पर्दा	परदा
purple	पर्पल	परप्ल
palatne	पलटने	पलाटने
paltane	पलटने	पालतने
palaari	पलारी	पलारी
palari	पलारी	पालरी
pale	पले	पाले
palmonari	पल्मोनरी	पाल्मोनी
pulmonary	पल्मोनरी	पुल्मोरी
plus	पल्स	पीएस
pulse	पल्स	प्लस
pashtun	पश्तून	पाष्टुन
pashtuun	पश्तून	पशष्टुन
pahan	पहन	पहन
pehan	पहन	पहन
pahantaa	पहनता	पहनता
pahnata	पहनता	पहनाता
pehnate	पहनता	पहनते
pahanate	पहनते	पहनते
pahante	पहनते	पहनते
pehnate	पहनते	पहनते
pahnaakar	पहनाकर	पहनाकर
pahnakar	पहनाकर	पहनकर
pehnakar	पहनाकर	पहनकर
pahnaati	पहनाती	पहनाती
pahnati	पहनाती	पहनती
pehnati	पहनाती	पहनती
pahani	पहनी	पहनी
pahni	पहनी	पहनी
pehni	पहनी	पहनी
pahno	पहनो	पहनो
pehno	पहनो	पहनो
pahla	पहला	पहला
pahlaa	पहला	पहला
pehla	पहला	पहला
paheliyaan	पहेलियां	पहेलियां
paheliyan	पहेलियां	पहेलियां
paheliyon	पहेलियों	पहेलियों
pide	पाइड	पीड़
pied	पाइड	पियड
pythagoras	पाइथागोरस	पिथगोरस
pythogaras	पाइथागोरस	पिथोगरस
paakhandi	पाखंडी	पाखंडी
pakhandi	पाखंडी	पाखंडी
paathshaalaayein	पाठशालाएं	पेशालाएं
pathshalayein	पाठशालाएं	पाठशालयं
pathshalayen	पाठशालाएं	पाठशालयं
paathyakram	पाठ्यक्रम	पाठयक्रम
pathyakram	पाठ्यक्रम	पाठयक्रम
pathykram	पाठ्यक्रम	पाठयक्रम
paathyakramon	पाठ्यक्रमों	पाठ्यकरमों
pathyakramon	पाठ्यक्रमों	पाठ्यकरमों
pathykramon	पाठ्यक्रमों	पाठ्यकरमों
population	पापुलेशन	पॉपुलेशन
pailot	पायलट	पेलोट
pilot	पायलट	पिलोट
pailoton	पायलटों	पेलोटों
piloton	पायलटों	पिलोटों
paarampariktaa	पारंपरिकता	पारंपरिकता
paramparikata	पारंपरिकता	परापपरिकता
paramparikta	पारंपरिकता	परामपरिकता
parnel	पार्नेल	परनेल
parnell	पार्नेल	परनेल
parleron	पार्लरों	पर्लरों
parloron	पार्लरों	पार्लों
parlouron	पार्लरों	पार्लोरों
paarshad	पार्षद	पारशद
parshad	पार्षद	परशाद
paarshadon	पार्षदों	पार्दों
parshadon	पार्षदों	परशदों
parshdon	पार्षदों	परशदों
policy	पालिसी	पॉलिसी
pinta	पिंटा	पिनता
pintaa	पिंटा	पिनता
piega	पिएगा	पीएगा
piyegaa	पिएगा	पियेगा
pic	पिक	पीपी
pick	पिक	पीक
pik	पिक	पिक
piki	पिकी	पीकी
piky	पिकी	पिकी
picture	पिक्चर	पिकर
pigmentation	पिगमेंटेशन	पिग्ेेंटेशन
pigs	पिग्स	पिग्स
pichde	पिछड़े	पिछड़े
pichhade	पिछड़े	पिछड़े
pijja	पिज्जा	पिज्ज
pizza	पिज्जा	पिज्ज़
pitaamaha	पितामह	पितामहा
pitamah	पितामह	पीतमह
pipra	पिपरा	पिप्र
pipraa	पिपरा	पिपरा
pipli	पिपली	पिपली
pearson	पियरसन	पीर्सन
pierson	पियरसन	पियर्सन
peary	पियरी	पीरी
piyari	पियरी	पियरी
pisaai	पिसाई	पिसाई
pisai	पिसाई	पिसाई
pihaani	पिहानी	पिहानी
pihani	पिहानी	पिहानी
pib	पीआईबी	पीब
pr	पीआर	पीआरपी
pml	पीएमएल	पीएलएम
pmo	पीएमओ	पीमो
pmch	पीएमसीएच	पीएच
psv	पीएसवी	पीवीवी
peaking	पीकिंग	पीकिंग
picking	पीकिंग	पिकिंग
peetne	पीटने	पीटने
pitne	पीटने	पिटने
pedia	पीडिया	पेड़िया
pidiya	पीडिया	पीड़िया
pidiyaa	पीडिया	पीढ़िया
peelepan	पीलेपन	पीलेपन
pilepan	पीलेपन	पिलेपन
pv	पीवी	पीवी
pisa	पीसा	पीसा
putla	पुतला	पुतला
putlaa	पुतला	पुतला
putaliyaan	पुतलियां	पुटालियां
putliyan	पुतलियां	पुटलियां
putaliyon	पुतलियों	पुतालियों
putliyon	पुतलियों	पुटलियों
putali	पुतली	पुतली
putli	पुतली	पुतली
putale	पुतले	पुतले
putle	पुतले	पुटल
putin	पुतिन	पुटीन
putul	पुतुल	पुतुल
punargathan	पुनर्गठन	पुनर्गठन
puna	पुना	पूना
puraane	पुराने	पुराने
purane	पुराने	पुराने
puru	पुरू	पुरु
purjon	पुर्जों	पुर्जों
purzon	पुर्जों	पूर्जों
pulam	पुलम	पुलम
pushkin	पुश्किन	पुश्किन
pushkarana	पुष्करणा	पुष्करण
pushkarna	पुष्करणा	पुष्करण
pushkarnaa	पुष्करणा	पुष्करण
pushp	पुष्प	पपपशप
pushpa	पुष्प	पुष्प
pushpa	पुष्पा	पुष्प
pushpaa	पुष्पा	पुष्पा
pushpit	पुष्पित	पुष्पित
pushpon	पुष्पों	पुष्पों
poonjikaran	पूंजीकरण	पूंजीकरण
punjikaran	पूंजीकरण	पुंजीकरण
poojaapaath	पूजापाठ	पूजापाठ
poojapath	पूजापाठ	पूजापथ
pujapath	पूजापाठ	पूजापथ
pooranpur	पूरनपुर	पुरापुर
puranpur	पूरनपुर	पुरापुर
purvaabhaas	पूर्वाभास	पूर्वाभास
purvaabhas	पूर्वाभास	पूर्वाभास
purvabhaas	पूर्वाभास	पूर्वाभास
purvabhas	पूर्वाभास	पूर्वाभास
pendulam	पेंडुलम	पेंदुलम
pendulum	पेंडुलम	पेंडुलम
peg	पेग	पग
pages	पेजेज	पेज
pajej	पेजेज	पजजे
pace	पेस	पेस
pes	पेस	पेस
pastry	पेस्ट्री	पास्ट्री
pangolin	पैंगोलिन	पांगोलिन
pengolin	पैंगोलिन	पेंगोलिन
packard	पैकर्ड	पैकार्ड
package	पैकेज	पेज
packageon	पैकेजों	पेकाजों
packagon	पैकेजों	पेकागों
packajon	पैकेजों	पेकाजों
paim	पैम	पैम
pam	पैम	पीएम
paratrooper	पैराट्रूपर	परात्रुपर
peratrupers	पैराट्रूपर	परराटर्पर्स
paranormal	पैरानॉर्मल	परणोर्मल
peranormal	पैरानॉर्मल	पररनोर्मल
paraffin	पैराफिन	पराफिन
parafin	पैराफिन	पराफिन
perafin	पैराफिन	पराफिन
parabola	पैराबोला	पराबोला
perabola	पैराबोला	पराबोला
polimer	पॉलिमर	पॉलिमर
polymer	पॉलिमर	पॉलिमर
polishing	पॉलिशिंग	पुलिशिंग
pokar	पोकर	पोकर
poker	पोकर	पोकर
polish	पोलिश	पुलिश
poshit	पोषित	पोषित
posta	पोस्ता	पोस्ता
pau	पौ	पऊ
pyade	प्यादे	प्यादे
prakriya	प्रक्रिया	प्रक्रिया
prakshepak	प्रक्षेपक	प्रक्षेपक
pratigya	प्रतिज्ञा	प्रतिज्ञ
prtigyaa	प्रतिज्ञा	प्रतिज्ञा
pratibhutiyan	प्रतिभूतियां	प्रतिभूतियां
pratiyon	प्रतियों	प्रतियों
prativaad	प्रतिवाद	प्रतिवाद
prativad	प्रतिवाद	प्रतिवाद
prativadi	प्रतिवादी	प्रतिवादी
pratishat	प्रतिशत	प्रतिशात
praneet	प्रनीत	प्रणीत
pranit	प्रनीत	प्रणीत
prapaat	प्रपात	प्रपात
prapat	प्रपात	प्रपात
prapaaton	प्रपातों	प्रपत्ों
prapaton	प्रपातों	प्रपटों
prabodhini	प्रबोधिनी	प्रबोधिनी
prayaasrat	प्रयासरत	प्रयास्रत
prayasarat	प्रयासरत	प्रयससरत
pradarshan	प्रर्दशन	प्रदर्शन
prardashan	प्रर्दशन	प्रदर्शन
pravati	प्रवत्ति	प्रवती
pravatti	प्रवत्ति	प्रवत्ति
prashaasanik	प्रशासनिक	प्रशासनिक
prashasanik	प्रशासनिक	प्रशासनिक
prashasnik	प्रशासनिक	प्रशासनिक
prashaasanon	प्रशासनों	प्रशासनों
prashansanon	प्रशासनों	प्रशंसनों
prashasanon	प्रशासनों	प्रशासनों
prashikshu	प्रशिक्षु	प्रशिक्षु
prastaavon	प्रस्तावों	प्रस्तावों
prastavon	प्रस्तावों	प्रस्तावों
prahlaad	प्रहलाद	प्रहलाद
prahlad	प्रहलाद	प्रहलाद
prahasan	प्रहसन	प्रहासन
prahsan	प्रहसन	प्रहसन
prahaarak	प्रहारक	प्रहारक
praharak	प्रहारक	प्रहारक
prahad	प्रह्लाद	प्रहद
prahlad	प्रह्लाद	प्रहलाद
privacy	प्राइवेसी	प्राव्यी
praakkathan	प्राक्कथन	प्राक्थन
prakkathan	प्राक्कथन	प्रक्थान
praan	प्राण	प्राण
pran	प्राण	प्राण
pranon	प्राणों	प्रणों
prathamik	प्राथमिक	प्रथामिक
prathmik	प्राथमिक	प्राथमिक
praathmikata	प्राथमिकता	प्राथमिकता
prathmikta	प्राथमिकता	प्राथमिकता
prathmiki	प्राथमिकी	प्राथमिकी
pradhyapakon	प्राध्यापकों	प्रध्यापकों
prapt	प्राप्त	प्रप्त
prapta	प्राप्त	प्राप्ता
prapti	प्राप्ती	प्रपत्ति
praroop	प्रारूप	प्ररूप
prarup	प्रारूप	प्ररूप
priyamani	प्रियामणि	प्रियमणी
proof	प्रूफ	प्रूफ
pruf	प्रूफ	परफ
prekshakon	प्रेक्षकों	प्रेक्षकों
prem	प्रेम	प्रीम
premlata	प्रेमलता	प्रेमलता
prema	प्रेमा	प्रेमा
premi	प्रेमी	प्रीमी
profit	प्रॉफिट	प्रोफिट
processing	प्रॉसेसिंग	प्रोसेसिंग
programers	प्रोग्रामर्स	प्रोग्रामर्स
programmers	प्रोग्रामर्स	प्रोग्रामर्स
programs	प्रोग्रामर्स	प्रोग्रांस
proto	प्रोटो	प्रोतो
propellant	प्रोपेलेंट	प्रॉपललेंट
propellent	प्रोपेलेंट	प्रॉपललेंट
praudh	प्रौढ	प्रौढ़
proud	प्रौढ	प्रौड़
plan	प्लेन	प्लान
plane	प्लेन	प्लाने
fund	फंड	फंड
funda	फंडा	फूंडा
funding	फंडिंग	फंडिंग
fandon	फंदों	फांडों
fagua	फगुआ	फागु
fatane	फटने	फटने
phatane	फटने	फटने
phatne	फटने	फटने
fadfadata	फड़फड़ाता	फड़फड़ाता
phadphadata	फड़फड़ाता	फड़फड़ाड़ता
fatehgadh	फतेहगढ़	फतेहगढ़
fatehgarh	फतेहगढ़	फतेहगढ़
fabti	फब्ती	फब्ती
phabti	फब्ती	फब्ती
farse	फरसे	फार्स
pharase	फरसे	फररेस
pharse	फरसे	फार्स
farheen	फरहीन	फरहीन
farhin	फरहीन	फरहीन
farth	फर्थ	फर्थ
ferth	फर्थ	फर्थ
pharth	फर्थ	फर्थ
farmion	फर्मिऑन	फर्मियन
fermion	फर्मिऑन	फर्मियन
firmian	फर्मिऑन	फर्मियन
farookhabad	फर्रुखाबाद	फरुखाबाद
farrukhabad	फर्रुखाबाद	फरुकाबाद
farukhabad	फर्रुखाबाद	फरुखाबाद
farookhnagar	फर्रूखनगर	फरुक्नागर
farrukhnagar	फर्रूखनगर	फरुक्ानगर
farukhnagar	फर्रूखनगर	फरुखनागर
falata	फलता	फलाता
falta	फलता	फलता
phalata	फलता	फलता
falne	फलने	फलने
phalne	फलने	फलने
falitarth	फलितार्थ	फलितार्थ
phalitartha	फलितार्थ	फलितार्थ
falibhoot	फलीभूत	फलीभूत
falibhut	फलीभूत	फलीभूत
phalibhoot	फलीभूत	फलीभूत
favvara	फव्वारा	फावरा
fawaara	फव्वारा	फवारा
favvare	फव्वारे	फववारे
fawaare	फव्वारे	फवारे
favvaron	फव्वारों	फाववारों
fawaaron	फव्वारों	फवारों
faisala	फ़ैसला	फैसला
faisla	फ़ैसला	फैैसला
follow	फ़ॉलो	फोलो
faansi	फांसी	फांसी
fansi	फांसी	फैंसी
fatama	फातमा	फटमा
fatma	फातमा	फत्मा
faaf	फाफ	फफफ
phaaph	फाफ	फफ
farsi	फारसी	फर्सी
forcee	फारसी	फोर्सी
farm	फार्म	फर्म
form	फार्म	फॉर्म
farmic	फार्मिक	फर्मिक
formic	फार्मिक	फॉर्मिक
formulae	फार्मूले	फोर्मूलाय
formule	फार्मूले	फॉर्मूल
formuley	फार्मूले	फोर्मूली
pharmacy	फार्मेसी	फर्मासी
pharma	फार्मों	फर्मा
pharmon	फार्मों	फर्मों
farms	फार्म्स	फर्म्स
finger	फिंगर	फिंगर
fikra	फिक्र	फिक्र
physician	फिजिशियन	फिजिसियन
firti	फिरती	फिरती
fisla	फिसला	फिसला
fislaa	फिसला	फिसला
feeder	फीडर	फीडर
fulaaye	फुलाए	फुलए
fulae	फुलाए	फुलाए
fulay	फुलाए	फुले
furti	फूर्ति	फुर्ती
phurti	फूर्ति	फुर्ती
fus	फूस	फस
phoos	फूस	फस
phus	फूस	फस
feka	फेका	फेका
fefada	फेफड़ा	फेफड़ा
fefda	फेफड़ा	फेफड़ा
facial	फेशियल	फेशियल
fact	फैक्ट	फैक्ट
federal	फैडरल	फेडरल
failkar	फैलकर	फैलकर
failaaiye	फैलाइए	फैलाए
failaea	फैलाइए	फैलाए
failaiya	फैलाइए	फैलाया
failaiye	फैलाइए	फैलाए
failegi	फैलेगी	फैलेगी
font	फॉन्ट	फॉन्ट
fogat	फोगाट	फोगत
phogat	फोगाट	फोगाट
fod	फोड़	फोड़
phod	फोड़	फोड़
foda	फोड़ा	फोडा
fodaa	फोड़ा	फोड़ा
phoda	फोड़ा	फोडा
fode	फोड़े	फोड़
phode	फोड़े	फोड़
fodo	फोड़ों	फोड़ो
fodon	फोड़ों	फोड़ों
phodo	फोड़ों	फोड़ो
fortis	फोर्टिस	फोर्टिस
fusion	फ्यूजन	फिशन
fuji	फ्यूजी	फुजी
fyuji	फ्यूजी	फ्यूजी
francisca	फ्रांसिस्का	फ्रांसिस्का
franciska	फ्रांसिस्का	फ्रांसिस्का
fransiska	फ्रांसिस्का	फ्रांसिस्का
francisco	फ्रांसिस्को	फ्रांसिस्को
francisko	फ्रांसिस्को	फ्रांसिस्को
fransisko	फ्रांसिस्को	फ्रांसिस्को
fringe	फ्रिंज	फ्रिंग
friendship	फ्रेंडशिप	फ्रिंदशिप
frost	फ्रॉस्ट	फ्रोस्ट
flin	फ्लिन	फ्लिन
flynn	फ्लिन	फ्लिनन
flesh	फ्लेश	फ्लेश
bang	बंग	बंग
bung	बंग	बग
bangbandhu	बंगबंधु	बंगबंधु
bangbhang	बंगभंग	बंगभांग
bangash	बंगश	बंगाश
bangsh	बंगश	बांगश
bantane	बंटने	बांटने
bantne	बंटने	बांटने
bandhati	बंधती	बांधती
bandhti	बंधती	बांधती
bandhan	बंधान	बंधन
bandhuon	बंधुओं	बंधुओं
bamba	बंबा	बांबा
mumba	बंबा	मुंबा
bakaayon	बकायों	बकायों
bakayon	बकायों	बकायों
bakaul	बकौल	बल
bakoul	बकौल	बल
baksa	बक्सा	बकसा
baksi	बक्सी	बकसी
bakse	बक्से	बकसे
bakhshane	बख्शने	बख्षाने
bakhshne	बख्शने	बख्ष्णे
bagad	बगड़	बगगद
bagd	बगड़	बगद
bageechi	बगीची	बगीची
bagichi	बगीची	बगीची
bachat	बचत	बचत
bachati	बचती	बचाती
bachti	बचती	बचती
bajana	बजना	बजना
bajrangi	बजरंगी	बजरंगी
bajaj	बजाज	बजज
batalvi	बटालवी	बतलवी
badhachadhakar	बढ़ाचढ़ाकर	बाधचाकर
badata	बढ़ाता	बदता
badhaataa	बढ़ाता	बढ़ाता
badhata	बढ़ाता	बढ़ता
badhaati	बढ़ाती	बढ़ाती
badhati	बढ़ाती	बढ़ती
badhayi	बढ़ायी	बढ़ाई
badhav	बढ़ाव	बढ़व
badhotari	बढ़ोतरी	बधोत्री
badhotri	बढ़ोतरी	बधोत्री
batlaae	बतलाए	बतलाए
batlaaye	बतलाए	बतलाए
batlae	बतलाए	बतलाए
batlaye	बतलाए	बतलाए
batlaakar	बतलाकर	बतलाकर
batlakar	बतलाकर	बतलाकर
badlapur	बदलापुर	बदलापुर
badali	बदली	बदली
badli	बदली	बदली
badam	बदाम	बदम
banva	बनवा	बनवा
banvaa	बनवा	बनवा
banaam	बनाम	बनाम
banam	बनाम	बनाम
bnaam	बनाम	बनाम
baniya	बनिया	बनिया
banu	बनू	बनु
barpaayaa	बरपाया	बरपाया
barpaya	बरपाया	बरपाया
barsa	बरसा	बासा
barsaata	बरसाता	बरसाता
barsaataa	बरसाता	बरसाता
barsata	बरसाता	बरसता
barhad	बरहद	बरहद
baraat	बरात	बरात
barat	बरात	बरात
braat	बरात	ब्रात
baraamad	बरामद	बरामद
baramad	बरामद	बरामद
bramad	बरामद	ब्रमद
baramade	बरामदे	बरामड़े
baramde	बरामदे	बरामदे
bare	बरे	बारे
birth	बर्थ	बर्थ
baljeet	बलजीत	बलजीत
baljit	बलजीत	बलजीत
ballabh	बल्लभ	बल्भ
balla	बल्ला	बल्ला
balli	बल्ली	बलली
basava	बसावा	बासव
bastiyon	बस्तियों	बस्तियों
bahroopiya	बहरूपिया	बहरूपीय
bahrupiya	बहरूपिया	बहरूपीय
bahamaas	बहामास	बहमास
bahamas	बहामास	बहमस
bahaav	बहाव	बव
bahav	बहाव	बहव
bhav	बहाव	भव
bahavalpur	बहावलपुर	बहवलपुर
bahawalpur	बहावलपुर	बहवलापुर
bahuchara	बहुचरा	बहुचारा
banthia	बांठिया	बांठिया
banthiya	बांठिया	बांठिया
bandhate	बांधते	बांधते
bandhte	बांधते	बांठे
banbi	बांबी	बनबी
bombi	बांबी	बोमबी
bounceron	बाउंसरों	बाउंसरों
bowling	बाउलिंग	बोलिंग
baku	बाकू	बुकू
bakuu	बाकू	बुकू
baag	बाग	बग
bag	बाग	बग
bagh	बाग	बाघ
bagabani	बागबानी	बगगबनी
bagbani	बागबानी	बागबनी
bagali	बागली	बगली
bagli	बागली	बगली
baagiyon	बागियों	बागियों
bagiyon	बागियों	बागियों
baago	बागो	बागो
bago	बागो	बगगो
baji	बाज़ी	बाजी
bazi	बाज़ी	बाजी
bajaru	बाजारू	बाजूरू
bazaru	बाजारू	बाजूरू
bajuon	बाजुओं	बाओं
badh	बाध	बढ़
badha	बाधा	बढ़ा
baadhaaon	बाधाओं	बाधाओं
baadhaon	बाधाओं	बाधाओं
badhaaon	बाधाओं	बढ़ाओं
badhaon	बाधाओं	बढ़ाओं
baadhit	बाधित	बाधित
badhit	बाधित	बढ़ित
baani	बानी	बानी
bani	बानी	बनी
baapa	बापा	बापा
baapaa	बापा	बापा
bapa	बापा	बापा
bapaa	बापा	बपा
baabat	बाबत	बाबत
babat	बाबत	बबत
babt	बाबत	बब्त
bayern	बायर्न	बेयर्न
byrun	बायर्न	बीरुण
barah	बारह	बरह
baarahamaasee	बारहमासी	बारहमासी
barahamasi	बारहमासी	बरहहमससी
barahmasi	बारहमासी	बराहमासी
barahsinga	बारहसिंगा	बराहसिंगा
barasingha	बारहसिंगा	बरासींह
bala	बाला	बला
baalti	बाल्टी	बालती
balti	बाल्टी	बलती
balty	बाल्टी	बेल्टी
baldvin	बाल्डविन	बाल्दवीन
baldwin	बाल्डविन	बाल्विन
bavaji	बावजी	बावजी
bavji	बावजी	बावजी
baawaraa	बावरा	बावरा
bavra	बावरा	बावरा
bawara	बावरा	बावरा
baahulya	बाहुल्य	बाहुल्य
bahuly	बाहुल्य	बहुल्य
bahulya	बाहुल्य	बहुल्य
box	बाॅक्स	बॉक्स
bikherati	बिखेरती	बिखेरती
bikherti	बिखेरती	बिखरती
biggest	बिगेस्ट	बीगगेस्ट
bichhua	बिछुआ	बिछुआ
bichhuaa	बिछुआ	बिछुआ
biji	बिजी	बीजी
busy	बिजी	बससी
buzy	बिजी	बेजी
bipin	बिपिन	बिपीन
bilae	बिलाई	बिलाए
bilai	बिलाई	बिलाई
billa	बिल्ला	बिल्ला
billaa	बिल्ला	बिला
bilhaur	बिल्हौर	बिलहरो
bisva	बिस्वा	बिस्वा
biswa	बिस्वा	बिस्वा
bag	बीएजी	बग
bikaner	बीकानेर	बिकनेर
bikaneri	बीकानेरी	बिकनेरी
bk	बीके	बेकी
beejak	बीजक	बीजक
bijak	बीजक	बिजक
beef	बीफ	बीफ
beem	बीम	बीम
bim	बीम	बीम
beemon	बीमों	बीमों
bimon	बीमों	बीमों
beerganj	बीरगंज	बीरगंज
birganj	बीरगंज	बीरगंज
beesavaan	बीसवां	बीसवान
bisavan	बीसवां	बिसवन
bisawan	बीसवां	बिसावन
beast	बीस्ट	बीस्ट
budvig	बुडविग	बुदवीग
budwig	बुडविग	बुदविग
bull	बुल	बल
bulaao	बुलाओ	बुलाओ
bulao	बुलाओ	बुलाओ
bule	बुले	बुले
bulletin	बुलेटिन	बुलेटिन
brijesh	बृजेश	बृजेश
benvar	बेंवर	बेनवर
benwar	बेंवर	बेवर
beaulad	बेऔलाद	बेयूड़
bekaaboo	बेकाबू	बबकूबू
bekabu	बेकाबू	बेकबू
bechakar	बेचकर	बेचककर
bechkar	बेचकर	बेचकर
bechate	बेचते	बेचते
bechte	बेचते	बेचते
bediyan	बेड़ियां	बेडियां
bethanal	बेथनल	बेथनाल
bethnal	बेथनल	बेथनाल
benis	बेनिस	बेनिस
belacha	बेलचा	बेलचा
belcha	बेलचा	बेलचा
belinda	बेलिंडा	बेलिंदा
bevkufana	बेवकूफाना	बेवकूफना
bewakoofaanaa	बेवकूफाना	बेवकूपना
bewkufana	बेवकूफाना	बेवकूफना
besahaaraa	बेसहारा	बेसहारा
besahara	बेसहारा	बेसहारा
basin	बेसिन	बीन
besin	बेसिन	बेसिन
basil	बेसिल	बेसिल
besil	बेसिल	बेसिल
bandage	बैंडेज	बेंगे
bandej	बैंडेज	बदंदेज
baithantey	बैठते	बैठनते
baithate	बैठते	बैठते
baitool	बैतूल	बैटल
baitul	बैतूल	बैटुल
betul	बैतूल	बेतुल
baini	बैनी	बैनी
beni	बैनी	बेनी
bairakpur	बैरकपुर	बैरकपुर
barrackpore	बैरकपुर	बैरकेपोर
baila	बैला	बैला
bella	बैला	बेला
ballistic	बैलिस्टिक	बैलिस्टिक
bells	बैल्स	बलल्स
bostan	बॉस्टन	बोस्टन
bosten	बॉस्टन	बोस्टन
boston	बॉस्टन	बोस्टन
bokaro	बोकारो	बोकरोो
bodara	बोदरा	बोदरा
bodra	बोदरा	बोद्र
bodraa	बोदरा	बोदरा
bona	बोना	बोना
borkar	बोरकर	बोरकर
borivali	बोरीवली	बोरीवाली
boriwali	बोरीवली	बोरिवाली
born	बोर्न	बॉर्न
bolane	बोलने	बोलने
boliae	बोलिए	बोलियाई
boliy	बोलिए	बोलीय
boliye	बोलिए	बोलिय
bosaan	बोसान	बोसन
bosan	बोसान	बोसन
bauni	बौनी	बौनी
bouni	बौनी	बौनी
byaawa	ब्यावर	बयाव
byavar	ब्यावर	ब्यावर
brajesh	ब्रजेश	ब्रजेश
brijesh	ब्रजेश	बृजेश
brahmalin	ब्रह्मलीन	ब्रह्मालीन
brahmleen	ब्रह्मलीन	ब्रह्मलीन
brahmlin	ब्रह्मलीन	ब्रह्मलिन
bravo	ब्रावो	ब्रेवो
brigatn	ब्रिगटन	ब्रिगटन
brighton	ब्रिगटन	ब्रिघटन
brigton	ब्रिगटन	ब्रिगटन
brigadier	ब्रिगेडियर	ब्रिगाडडर
britain	ब्रिटेन	ब्रिटाइन
breed	ब्रीद	ब्रीड
brock	ब्रोक	ब्रॉक
brok	ब्रोक	ब्रॉक
broke	ब्रोक	ब्रोक
brocken	ब्रोकन	ब्रॉकेन
broken	ब्रोकन	ब्रोकेन
blosam	ब्लॉसम	ब्लोसम
blossom	ब्लॉसम	ब्लोसॉम
bhagaane	भगाने	भगाने
bhagane	भगाने	भगाने
bhadakaaya	भड़काया	भड़काया
bhadakaya	भड़काया	भड़काया
bhadkaayaa	भड़काया	भड़काया
bhadkaya	भड़काया	भड़काया
bharakaaya	भड़काया	भड़काया
bharakaya	भड़काया	भड़काया
bhabhoot	भभूत	भूट
bhabhut	भभूत	भूट
bhay	भय	भय
bhaya	भय	भया
bhayo	भयो	भयो
bharatanatyam	भरतनाट्यम्	भारतनाट्यम
bharatnatyam	भरतनाट्यम्	भारतनाट्यम
bhartnatyam	भरतनाट्यम्	भार्तनायटम
bharate	भरते	भारते
bharte	भरते	भर्ते
bharani	भरनी	भरणी
bharni	भरनी	भरणी
bharane	भरने	भराने
bharne	भरने	भरने
bhara	भरा	भरा
bhavishya	भविष्य	भविष्य
bhaate	भाते	भाते
bhate	भाते	भाते
bhanu	भानू	भुनू
bhabar	भाबर	भाबर
bhareeye	भारीय	भररे
bhariy	भारीय	भरिय
bhavanaon	भावनाओं	भवानाओं
bhavnaon	भावनाओं	भावनाओं
bhaskar	भास्कर	भासकर
bheed	भीड़	भड़
bheera	भीरा	भीरा
bhira	भीरा	भीरा
bheesham	भीष्म	भीषम
bhisham	भीष्म	भिषम
bhishm	भीष्म	भिक्ष
bhugat	भुगत	भगत
bhugata	भुगता	भूगता
bhugta	भुगता	भुगता
bhutto	भुट्टो	भूतो
bhumi	भुमि	भूमि
bhurbhura	भुरभुरा	भुरभुरा
bhookh	भूख	भूख़
bhukh	भूख	भुख
bhookhi	भूखी	भूखी
bhukhi	भूखी	भुखी
bhoogol	भूगोल	भूगोल
bhugol	भूगोल	भुगोल
bhootal	भूतल	भूटल
bhutal	भूतल	भूतल
bhoopsingh	भूपसिंह	हहवीसींघ
bhupsingh	भूपसिंह	हहवीसीघ
bhumi	भूमी	भूमि
bhumika	भूमी	भूमिका
bhulata	भूलता	भुलता
bhulataa	भूलता	भुलता
bhulta	भूलता	भुलता
bhula	भूला	भुला
bhulaa	भूला	भुला
bhooli	भूली	भूली
bhuli	भूली	भुली
bhulo	भूलो	भुलो
bhulon	भूलों	भूलों
bhusi	भूसी	भूसी
bhooswaami	भूस्वामी	भूस्वामी
bhusvami	भूस्वामी	भूसवामी
bhuswami	भूस्वामी	भूस्वामी
bhengapan	भेंगापन	भेंगापन
bhairavnath	भैरवनाथ	भैरावनाथ
bhairo	भैरो	भैरो
bhogatey	भोगते	भोगते
bhogte	भोगते	भोगते
bhola	भोला	भोला
bholi	भोली	भोली
bholu	भोलू	भोलू
bhaunho	भौंहों	भौन्हों
bhaunhon	भौंहों	भौन्हों
bhoonhon	भौंहों	भूणों
bhraant	भ्रांत	भंतर
bhrant	भ्रांत	भरत
brant	भ्रांत	ब्रंट
bhraanti	भ्रांति	भृणती
bhranti	भ्रांति	भ्रंति
branti	भ्रांति	ब्रंटी
bhraantiyan	भ्रांतियां	भ्रांतियां
bhrantiyan	भ्रांतियां	भ्रांतियां
bhraantiyon	भ्रांतियों	भ्रांतियों
bhrantiyon	भ्रांतियों	भ्रांतियों
mangesh	मंगेश	मांगेश
manch	मंच	मांच
manchit	मंचित	मानछित
mancheeye	मंचीय	मांछिय
manchiy	मंचीय	मांछीय
manchiya	मंचीय	मांछिया
manchon	मंचों	मांचों
manjil	मंजिल	मंजील
manzil	मंजिल	मंज़िल
manjila	मंजिला	मंजीला
manzila	मंजिला	मंज़िला
manjilein	मंजिलें	मंजीलें
manjilen	मंजिलें	मंजीलें
manzilein	मंजिलें	मंज़िलें
manto	मंटो	मंटो
mantriyon	मंत्रियों	मंत्रियों
makrani	मकरानी	मकरानी
maksad	मक्सद	मकसद
makhdumpur	मखदुमपुर	मखदूमपुर
machaaye	मचाए	मचाए
machae	मचाए	मछाई
machaye	मचाए	मचाए
machaanon	मचानों	मचानों
machanno	मचानों	मचाननो
machano	मचानों	मचानो
machanon	मचानों	मचनों
madaura	मढ़ौरा	मदौरा
madhuara	मढ़ौरा	मधुआरा
madhura	मढ़ौरा	मधुरा
manipal	मणिपाल	मनिपाल
matpatron	मतपत्रों	मतपत्रों
matthe	मत्थे	मेथे
matsyavatar	मत्स्यावतार	मत्स्यावतर
matsyavtar	मत्स्यावतार	मत्स्यावतर
masyendranath	मत्स्येंद्रनाथ	मस्येंद्रनाथ
matsyendranath	मत्स्येंद्रनाथ	नात्येंद्रन
madhupur	मधुपुर	मधुपुर
manmarji	मनमर्जी	मनममर्जी
manae	मनाए	मनाई
manaye	मनाए	मनाए
mnaey	मनाए	मनाए
mam	मम	मम
mum	मम	मम
maryokar	मयोर्का	मार्योकार
mayorka	मयोर्का	मयोरकका
mayorkaa	मयोर्का	मयोरका
mardaani	मरदानी	मर्दानी
mardani	मरदानी	मर्दानी
marmar	मरमर	मरमार
murmur	मरमर	मूरमूर
maratha	मराठा	मराथा
marathi	मराठी	मराी
marji	मर्जी	मरर्जी
mardanagi	मर्दानगी	मर्दनगी
mardangi	मर्दानगी	मर्दंगी
mardo	मर्दों	मर्डों
mardon	मर्दों	मार्डों
maryaadaa	मर्यादा	मर्यदा
maryada	मर्यादा	मर्यदा
maryaadaaon	मर्यादाओं	मर्यदाओं
maryadaon	मर्यादाओं	मर्यदाओं
malaga	मलागा	मलगा
malaar	मलार	मलार
malar	मलार	मालर
mashrak	मशरक	मश्रक
masaaledaar	मसालेदार	मसालेदार
masaledaar	मसालेदार	मसलेदार
masaledar	मसालेदार	मसलेदार
masoor	मसूर	मसूर
masur	मसूर	मसूर
masse	मस्से	मससे
mahakane	महकने	महकाने
mahakne	महकने	महककने
mahkane	महकने	महकाने
mehkane	महकने	मेहकाने
mahalon	महलों	महालों
mahlon	महलों	महलों
mahagranth	महाग्रंथ	महाग्राथ
mhagranth	महाग्रंथ	महाग्रांठ
mahajan	महाजन	महाजन
mhajan	महाजन	महाजन
mahathir	महाथिर	महत्रीर
mhathir	महाथिर	महातिर
mahanatam	महानतम	महानतम
mahantam	महानतम	महंतम
mhantam	महानतम	महाततम
mahanideshak	महानिदेशक	महानिदेशक
mahanirdeshak	महानिदेशक	महानिर्देशक
mhanideshak	महानिदेशक	महानिदेशक
mahapauron	महापौरों	महापारों
mhapauron	महापौरों	महापारों
mahapran	महाप्राण	महाप्रण
mhapran	महाप्राण	महाप्रण
mahamantr	महामंत्र	महामंत्र
mahamantra	महामंत्र	महामंत्र
mhamantra	महामंत्र	महामंत्र
maharaja	महाराजा	महाराजा
mahavigyan	महाविज्ञान	महाविज्ञान
mhavidyan	महाविज्ञान	महाविद्ञान
mahavidya	महाविद्या	महाविद्य
mhavidya	महाविद्या	महाविद्य
mahavishnu	महाविष्णु	महाविष्णु
mahasingh	महासिंह	महासिंह
mahasinh	महासिंह	महासिंह
mahipal	महिपाल	महिपाल
mahin	महीन	महीन
mahinon	महीनों	महीनों
maang	मांग	मांग
mang	मांग	मंग
mangani	मांगनी	मंगानी
mangni	मांगनी	मंगनी
maanga	मांगा	मांगा
manga	मांगा	मंगा
maangi	मांगी	मांगी
mangi	मांगी	मंगी
maange	मांगे	मांगे
mange	मांगे	मेंगे
mango	मांगो	मांगो
maori	माओरी	मौरी
maajin	माजिन	माजीन
majin	माजिन	मजीन
mathe	माथे	मे
mathey	माथे	मे
maap	माप	माप
map	माप	मैप
mop	माप	मोप
mamooli	मामूली	ममूली
mamuli	मामूली	ममूली
mame	मामे	मे
maarvaad	मारवाड़	मारवाद
marvad	मारवाड़	मारवाड़
marwar	मारवाड़	मरवार
maariya	मारिया	मारिया
mariya	मारिया	मरिया
maariyo	मारियो	मारियो
mario	मारियो	मियो
mariyo	मारियो	मियो
martha	मार्था	मर्थ
maalish	मालिश	मालीश
malish	मालिश	मलीश
mave	मावे	मेवे
mavey	मावे	मेवे
maas	मास	मास
mas	मास	मस
mass	मास	मस
maason	मासों	मासों
mason	मासों	मसों
mitaao	मिटाओ	मिटाओ
mitao	मिटाओ	मिटाओ
mithaai	मिठाई	मिथाई
mithai	मिठाई	मिठाई
media	मिडिया	मेडिया
mithila	मिथिला	मिथिला
mithilanchal	मिथिलांचल	मिथिलांचल
mithya	मिथ्या	मिठ्य
mimicry	मिमिक्री	मिमिक्री
milkiyat	मिल्कियत	मिलकियत
misha	मिशा	मिशा
mungeri	मुंगेरी	मुंगरी
mundva	मुंडवा	मुंडवा
mundwa	मुंडवा	मुंडवा
munshiganj	मुंशीगंज	मुंशीगंज
mukarte	मुकरते	मुकर्ते
mukartey	मुकरते	मुकर्ते
mukhopadhyaya	मुखोपाध्याय	मुखोपद्धया
mukhyopadhyaay	मुखोपाध्याय	मयख्योपध्याय
mukhyamantri	मुख्यमंत्री	मुख्यमंत्री
munaf	मुनाफ	मुनफ़
munafa	मुनाफा	मुनफा
munnu	मुन्नू	मुन्नू
mufalisi	मुफलिसी	मुफलिसी
muflisi	मुफलिसी	मुफलिसी
mubarakpur	मुबारकपुर	मुबरकपुर
mubarkpur	मुबारकपुर	मुबर्कपुर
murjha	मुर्झा	मूर्झा
multae	मुल्ताई	मुलता
multai	मुल्ताई	मुलताई
mushahid	मुशाहिद	मुशहिद
muhavare	मुहावरे	मुहावरे
muhavre	मुहावरे	मुहावरे
mooth	मूठ	मठ
muth	मूठ	मठ
mood	मूड	मुड़
mud	मूड	मुड़
moodi	मूडी	मुड़ी
moody	मूडी	मुद्य
mool	मूल	मल
mul	मूल	मूल
moolchand	मूलचंद	मूलचंद
mulchand	मूलचंद	मूलचंद
moolar	मूलर	मूलर
mular	मूलर	मूलर
muller	मूलर	म्लूर
moolon	मूलों	मूलों
mulon	मूलों	मूलों
maxico	मेक्सिको	मैक्सिको
mexico	मेक्सिको	मेक्सिको
mega	मेगा	मेगा
megapixal	मेगापिक्सल	मेगापिक्ल
megapixel	मेगापिक्सल	मेगपपिक्ल
mejbaan	मेजबान	मेजबान
mejban	मेजबान	मेजबान
mezbaan	मेजबान	मेजबान
mejabani	मेजबानी	मेजाबनी
mejbaani	मेजबानी	मेजबानी
mejbani	मेजबानी	मेजबानी
mezabani	मेजबानी	मेजाबनी
mejbaan	मेज़बान	मेजबान
mejban	मेज़बान	मेजबान
mezbaan	मेज़बान	मेजबान
mejbaani	मेज़बानी	मेजबानी
mejbani	मेज़बानी	मेजबानी
mezbaani	मेज़बानी	मेजबानी
mate	मेट	मेट
met	मेट	मेट
mates	मेट्स	मेट्स
medical	मेडीकल	मेडिकल
methanol	मेथेनॉल	मेथनल
menu	मेनू	मेनू
mem	मेम	मेम
melaghaat	मेलघाट	मेलघााट
melghat	मेलघाट	मेलघट
melaanin	मेलानिन	मेलानिन
melanin	मेलानिन	मेलानिन
melaani	मेलानी	मेलानी
melani	मेलानी	मेलनी
maheman	मेहमान	महेमान
mehamaan	मेहमान	मेहमान
mehaman	मेहमान	मेहमन
mehmaan	मेहमान	मेहमान
mehman	मेहमान	मेहमन
meharaam	मेहराम	मेहराम
mehram	मेहराम	मेहराम
macbook	मैकबुक	मबकूक
matix	मैट्रिक्स	मैटिक्स
matrix	मैट्रिक्स	मेट्रिक्स
mad	मैड	मद
made	मैड	मढ़े
maid	मैड	मद
maddy	मैडी	मद्य
maidi	मैडी	मैदी
main	मैन	मेन
man	मैन	मन
men	मैन	मेन
mainan	मैनन	मेनन
menon	मैनन	मेनोन
manner	मैनर	मननेर
maina	मैना	माइना
maine	मैने	माइने
marrej	मैरेज	मररेज
marriage	मैरेज	मजर
merraige	मैरेज	मेज
maisachusets	मैसाचुसेट्स	मेसाचुसेट्स
massachusetts	मैसाचुसेट्स	म्सेचुसेट्स
maisor	मैसोर	मैसूर
maisore	मैसोर	मैसूरे
mysore	मैसोर	मैसूर
mod	मॉड	मोड़
mode	मॉड	मोड़
modern	मॉडर्न	मॉडर्न
module	मॉड्यूल	मोडले
modules	मॉड्यूल्स	मॉडल्स
modyuls	मॉड्यूल्स	मॉड्ल्स
mauritious	मॉरिशस	मॉरीशन
mauritius	मॉरिशस	मयरीशस
mogali	मोगली	मोगली
mowgli	मोगली	मौगली
motive	मोटिव	मोटिवे
mol	मोल	मॉल
mold	मोल्ड	मोल्ड
moshe	मोशे	मोशे
mosad	मोसाद	मोसाद
mohana	मोहाना	मोहना
mohani	मोहानी	मोहनी
mohini	मोहिनी	मोहिनी
mohim	मोहिम	मोहिम
maukon	मौकों	मौकों
mauma	मौमा	मौमा
maurya	मौर्या	मौर्य
morya	मौर्या	मोर्या
maurya	मौर्यों	मौर्य
mauryon	मौर्यों	मौरियों
moryon	मौर्यों	मोरियों
maulaviyon	मौलवियों	मौलवियों
maulvidon	मौलवियों	मौलविदों
maulviyon	मौलवियों	मौलवियों
maule	मौले	मौले
mauley	मौले	मेले
mausa	मौसा	मऊसा
yatn	यत्न	यतन
yatna	यत्न	यतना
yada	यदा	यादा
yda	यदा	यादा
yaduvansh	यदुवंश	याुवंश
yaduwansh	यदुवंश	यादुवंश
jerusalem	यरूशलेम	जेरूसलम
yarooshaleim	यरूशलेम	यरूशललें
yarushalem	यरूशलेम	यरुशलें
yashpaal	यशपाल	यशपाल
yashpal	यशपाल	यशपाल
yaatna	यातना	यातना
yatna	यातना	यतना
yaatanaon	यातनाओं	यातनाओं
yatnaon	यातनाओं	यतनाओं
yarayan	यात्राएं	यरायन
yatraein	यात्राएं	यात्राएं
yatraen	यात्राएं	यात्राएं
yaariyan	यारियां	यारियां
yariyan	यारियां	यारियां
yaari	यारी	यारी
yari	यारी	यरी
yugam	युग्म	युगम
yugm	युग्म	यग
yuddhrat	युद्धरत	युद्धरत
yudhrat	युद्धरत	युद्धरत
ukrainian	यूक्रेनियन	युक्रेनियन
ukranian	यूक्रेनियन	यूक्रानियां
jerusalem	येरुशलम	जेरूसलम
yorker	यॉर्कर	यॉर्कर
yojanaein	योजनाएं	योजनाएं
yojanaen	योजनाएं	योजनाएं
yojanaye	योजनाएं	योजनाए
rangate	रंगते	रंगते
rangte	रंगते	रंगते
rangkata	रंजकता	रंगकता
ranjkatha	रंजकता	रणजकाठा
ranjkta	रंजकता	रणजकता
raees	रईस	रीई
rais	रईस	रेस
raktaabh	रक्ताभ	रक्तभ
raktabh	रक्ताभ	रक्तभ
rakhna	रखना	रखना
raghupati	रघुपति	रघुपति
raghuram	रघुराम	रघुराम
registerd	रजिस्टर्ड	रेजिस्टर्ड
registered	रजिस्टर्ड	रेजिस्टर्ड
ratanpur	रतनपुर	रतनपुर
runners	रनर्स	र्न
rayan	रयान	रायन
ryan	रयान	र्यान
ralhan	रल्हन	रहहान
ravish	रविश	रेश
ravael	रवैल	रवैल
ravel	रवैल	रेवल
rawail	रवैल	रवैल
rasad	रसद	रसद
rasaayanik	रसायनिक	रिकायनिक
rasaayanika	रसायनिक	रसायनिक
rasayanika	रसायनिक	रसायनिक
rasyanik	रसायनिक	रास्यनिक
rasaayanon	रसायनों	रसायनों
rasayanon	रसायनों	रसायनों
rahamat	रहमत	रहमत
rahmat	रहमत	रहत
rhamat	रहमत	रहमत
rahenge	रहेंगे	रहेंगे
rahegi	रहेगी	रहेगी
rounder	राउंडर	रॉंडर
raak	राक	रक
rak	राक	रक
raakhe	राखे	रेख
rakhe	राखे	रखे
raagon	रागों	रागों
ragon	रागों	रगों
raghavan	राघवन	रघावन
raaj	राज	रज
raj	राज	रज
rajkot	राजकोट	राजकोत
rajtantra	राजतंत्र	राजतंत्र
raajneetikaran	राजनीतीकरण	राजनीतिकरण
rajneetikaran	राजनीतीकरण	राजनीतिकरण
rajnitikaran	राजनीतीकरण	राजनीतिकरण
rajma	राजमां	राजमा
rajman	राजमां	राजमान
raajasva	राजस्व	राजस्व
rajasva	राजस्व	राजस्व
raaji	राजी	राजी
raji	राजी	रजी
rajinaama	राजीनामा	राजिनामा
rajinama	राजीनामा	राजिनामा
raajon	राजों	राजों
rajon	राजों	राजों
rana	राणा	राना
raatrichar	रात्रिचर	रात्रिचार
ratrichar	रात्रिचर	रत्रिचार
raadhe	राधे	रे
radhe	राधे	रढ़े
ranapur	रानापुर	रणापुर
rabin	राबिन	रबीन
robin	राबिन	रॉबिन
rabha	राभा	राभा
ramkot	रामकोट	रामकोट
ramkote	रामकोट	रामकोट
ramtek	रामटेक	रम्ेक
rampur	रामपुर	रामपुर
rambharose	रामभरोसे	रामभरोस
rambharosey	रामभरोसे	रामभरोसे
ramraj	रामराज	रामराज
raalod	रालोद	रालोड
ralaud	रालोद	रालौद
ralod	रालोद	रालोड
ravaley	रावले	रवले
ravle	रावले	रावले
rasayanik	रासायनिक	रियानिक
racreation	रिक्रिएशन	रेक्रेशन
recreation	रिक्रिएशन	रिक्रेशन
rig	रिग	र
riggs	रिग्स	रग्स
rigs	रिग्स	र्ग
richual	रिचुअल	रिचुल
ritual	रिचुअल	रितुआल
reduction	रिडक्शन	रेडक्शन
ripan	रिपन	रिपान
ripon	रिपन	रीपों
ria	रिया	रिया
riya	रिया	रिया
rishte	रिश्ते	रिश्ते
rishtey	रिश्ते	रिष्टे
risane	रिसने	रिसने
risaney	रिसने	रिसने
risne	रिसने	रिस्ने
rihana	रिहाना	रिहाना
rihanna	रिहाना	रिहाना
regal	रीगल	रेगल
rigal	रीगल	रगगल
reasonal	रीजनल	रिजनसल
regional	रीजनल	रेजियल
retreate	रीट्वीट	रेट्रेट
retweet	रीट्वीट	रिटवीट
reeta	रीता	रीता
rita	रीता	रीता
rukate	रुकते	रुकते
rukte	रुकते	रुकते
ruktey	रुकते	रुकते
rugan	रुग्ण	रूग्ण
rugna	रुग्ण	रूग्ण
ruganta	रुग्णता	रूगंता
rugnata	रुग्णता	रूग्णता
rojvelt	रुजवेल्ट	रोजवेल्ट
roojwelt	रुजवेल्ट	रूजवेल्ट
roosevelt	रुजवेल्ट	रूजवेल्ट
rodolph	रुडोल्फ	रोडोल्फ
rudolf	रुडोल्फ	रूडोल्फ
rudolph	रुडोल्फ	रूडोल्फ
roopesh	रुपेश	रूपेश
rupesh	रुपेश	रूपेश
ruby	रुबी	रूबी
roomani	रुमानी	रूमानी
rumani	रुमानी	रूमानी
rukavaton	रूकावटों	रुकावटों
root	रूट	रट
route	रूट	रुट
rooting	रूटिंग	रिंग
routine	रूटिंग	राउटिन
routing	रूटिंग	रिंग
roots	रूट्स	रटस
routes	रूट्स	र्टेस
roopak	रूपक	रुपक
rupak	रूपक	रुपक
roopi	रूपी	रुपी
rupi	रूपी	रूपी
rantle	रेंटल	रांटल
rental	रेंटल	रेंटल
registan	रेगिस्तान	रेजिस्टन
registani	रेगिस्तानी	रेजिस्टानी
reja	रेजा	रेजा
reza	रेजा	रेजा
rate	रेट	रेट
rate	रेत	रेट
ret	रेत	रेट
refaeli	रेफेली	रेफाली
refeli	रेफेली	रेफली
reshe	रेशे	रेश
reshey	रेशे	रेश
race	रेस	रेस
rese	रेस	रेज
racer	रेसर	रेसर
recer	रेसर	रिसर
racing	रेसिंग	रेंग
reson	रेसों	रेसन
rehaana	रेहाना	रहाना
rehana	रेहाना	रहना
racketeer	रैकेटियर	रैकेटियर
racketier	रैकेटियर	रैकेटियर
rectare	रैकेटियर	रेक्टर
radical	रैडिकल	रेडिकल
raidical	रैडिकल	रैडिकल
raith	रैथ	रेथ
rapping	रैपिंग	रपिंग
wrapping	रैपिंग	रिपिंग
robertsan	रॉबर्टसन	रॉबर्ट्सन
robertson	रॉबर्टसन	रॉबर्ट्सन
robinson	रॉबिंसन	रॉबिंसन
royals	रॉयल्स	रॉयल्स
rojlin	रोजलिन	रोजलिन
rozlyn	रोजलिन	रोजलिन
rotation	रोटेशन	रोटेशन
rodrigo	रोड्रिगो	रोड़िगो
ronaldo	रोनाल्डो	रोनालडों
ronit	रोनित	रोनिट
roni	रोनी	रोनी
ropane	रोपने	रोपने
ropaney	रोपने	रोपने
ropne	रोपने	रोपने
robin	रोबिन	रॉबिन
roya	रोया	रोया
rollers	रोलर्स	रॉलर्स
rovan	रोवन	रोवन
rowan	रोवन	रोवान
rosario	रोसारियो	रोसरियो
rosariyo	रोसारियो	रोसरियों
raubadaar	रौबदार	रौबदार
raubadar	रौबदार	रौबदार
raubdar	रौबदार	रौबदार
landara	लंगड़ा	लांदारा
langada	लंगड़ा	लागड़ा
langda	लंगड़ा	लांगड़ा
langar	लंगर	लांगार
langaron	लंगरों	लंगारों
langron	लंगरों	लंग्रों
lambi	लंबी	लंबी
lakeer	लकीर	लेकर
lakir	लकीर	लाकिर
lakiron	लकीरों	लाकिरों
lakme	लक्मे	लक्मे
lakshmidhar	लक्ष्मीधर	लक्ष्मीदार
lakshmighar	लक्ष्मीधर	लक्ष्मीघर
lakshy	लक्ष्य	लक्ष्य
lakshya	लक्ष्य	लक्ष्य
lakshyon	लक्ष्यों	लक्ष्यों
lux	लक्स	लक्स
laksar	लक्सर	लक्सर
luxor	लक्सर	लकर्सर
lakhkhi	लख्खी	लखखी
lagna	लगना	लगना
laganewale	लगनेवाले	लगनेवाले
lagnevaaley	लगनेवाले	लगनेवाले
lagnewale	लगनेवाले	लगनेवाले
lagega	लगेगा	लगेगा
lajjalu	लज्जालु	लज्जलु
latkate	लटकाते	लटकते
ladki	लड़की	लड़की
ladate	लड़ते	लड़ते
ladte	लड़ते	लाड़ते
ladaai	लड़ाई	लड़ाई
ladai	लड़ाई	लड़ाई
ladaaiyon	लड़ाईयों	लड़ाइयों
ladaeyon	लड़ाईयों	लड़ाएं
ladaiyon	लड़ाईयों	लड़ाइयों
lapetane	लपेटने	लेपटने
lapetne	लपेटने	लेपटने
labada	लबादा	लाबाड़ा
lbada	लबादा	लबाड़ा
labdh	लब्ध	लब्ध
lbdh	लब्ध	बल्द
lalak	ललक	लाक
lalkarata	ललकारता	लाकराता
lalkarta	ललकारता	लालकर्ता
lalla	लल्ला	लाला
lavasa	लवासा	लावा
lovasa	लवासा	लोवा
lassi	लस्सी	लासी
lahanaa	लहना	लहना
lahna	लहना	लहना
lehna	लहना	लहना
lahraee	लहराई	लहराई
lahrai	लहराई	लहरायी
lehrayi	लहराई	लहरायी
lahalhati	लहलहाती	लहल्लाती
lahlahaati	लहलहाती	लहलाहाती
lahlahati	लहलहाती	लहलाहाती
lahsun	लहसुन	लहसून
lasoon	लहसुन	लासून
lanchar	लांचर	लांचार
launcher	लांचर	लॉं्चर
lycopene	लाइकोपिन	लिकोपेन
lime	लाइम	लामें
lives	लाइव्स	लिव्स
live	लाईव	लिव
laegi	लाएगी	लेगी
lagataar	लागातार	लगातार
lagatar	लागातार	लगातार
laata	लाता	लाता
lata	लाता	लता
laati	लाती	लाती
lati	लाती	लती
layega	लायेगा	लाएगा
lalpur	लालपुर	लालपुर
las	लास्ट	लास
last	लास्ट	लस्त
lindbhed	लिंगभेद	लिंदभेड
lingbhed	लिंगभेद	लिंग्ेेद
lindan	लिंडन	लिंदन
lindn	लिंडन	लिंडन
lindon	लिंडन	लिंडन
likhakar	लिखकर	लिखाकर
likhkar	लिखकर	लिखकर
ligar	लिगर	लिगर
liger	लिगर	लाजर
liberation	लिबरेशन	लिब्रेशन
libration	लिबरेशन	लिब्रेशन
liberation	लिब्रेशन	लिब्रेशन
libration	लिब्रेशन	लिब्रेशन
leaderon	लीडरों	लेडरों
leedaron	लीडरों	लीदारों
lidaron	लीडरों	लिदारों
liidaron	लीडरों	लिदारों
louis	लुईस	लुई
luis	लुईस	लिस
ludhakate	लुढ़कते	लुढ़कते
ludhkate	लुढ़कते	लुढ़कते
lurhakate	लुढ़कते	लुढ़कते
lutf	लुत्फ	लफ
lumding	लुमडिंग	लुंडिंग
lootmaar	लूटमार	लुटमार
lootmar	लूटमार	लूटमार
landal	लेंडल	लांडल
lendal	लेंडल	लेंडल
lega	लेगा	लेगा
legaa	लेगा	लेगा
letakar	लेटकर	लेटकर
letkar	लेटकर	लेटकर
lenevali	लेनेवाली	लेनेवाली
lenewali	लेनेवाली	लेनेवाली
label	लेबल	लेबल
labeling	लेबलिंग	लेबिंग
labelling	लेबलिंग	लेबलिंग
labelo	लेबलों	लेबेलो
labelon	लेबलों	लेबेलों
lebalon	लेबलों	लेबलों
lemon	लेमन	लेमोन
laingadan	लैंगडन	लैंगडान
langdon	लैंगडन	लंगड़ों
lengdan	लैंगडन	लेंगदान
laigikata	लैंगिकता	लैगिकता
laingikta	लैंगिकता	लैंगिकता
lanset	लैंसेट	लैसेेट
lenset	लैंसेट	लेंसेट
lairi	लैरी	लैरी
lairy	लैरी	लेयरी
larry	लैरी	लेरी
lace	लैस	लेस
less	लैस	लेस
locket	लॉकेट	लॉकेट
laundry	लॉन्ड्री	लाउंड्री
longewal	लोंगोवाल	लोंगेवाल
longewala	लोंगोवाल	लोंगेवाला
longoval	लोंगोवाल	लोंगोवाल
log	लोग	लग
loge	लोगे	लग
lochdar	लोचदार	लोचड़ार
lodi	लोदी	लोडी
laurence	लौरेंस	लॉरेंस
laurens	लौरेंस	लॉरेंस
laurense	लौरेंस	लॉरेंस
wonder	वंडर	वंदर
vansh	वंश	वशश
vanshdhar	वंशधर	वंशधार
vanshavad	वंशवाद	वाशावाद
vanshvaad	वंशवाद	वाश्वाद
vanshvad	वंशवाद	वाश्वद
wanshwad	वंशवाद	वाश्वदा
vajood	वजूद	वाजूद
vajud	वजूद	वाजुद
wajood	वजूद	वाजूद
vadali	वडाली	वादली
vadli	वडाली	वडली
wadali	वडाली	वादली
vanita	वनिता	वानीता
vareinye	वरेण्य	वरेनीय
varenya	वरेण्य	वरेन्य
varn	वर्ण	वरन
varna	वर्ण	वरना
varnit	वर्णित	वर्णीत
vartamaan	वर्तमान	वर्तमान
vartaman	वर्तमान	वर्तमन
vartmaan	वर्तमान	वर्तमान
vartman	वर्तमान	वर्तमान
varddhaman	वर्द्धमान	वर्द्ममन
vardhmaan	वर्द्धमान	वर्धमान
vardhman	वर्द्धमान	वर्धमान
verbal	वर्बल	वर्बल
varshan	वर्शन	वर्षण
vasharan	वर्शन	वाषरण
vershan	वर्शन	वर्षण
version	वर्शन	वर्जियन
varsaache	वर्साचे	वर्साचे
varsaryache	वर्साचे	वर्सारयच
vasearche	वर्साचे	वासर्च
valkan	वल्कन	वल्कन
valkkan	वल्कन	वल्कन
velkan	वल्कन	वेलकन
vash	वश	वश
vashikaran	वशीकरण	वाष्पीकरण
vaangchuk	वांगचुक	वांगचुक
vangchuk	वांगचुक	वांगुक
wangchuk	वांगचुक	वांगुक
want	वांट	वंट
vije	वाइज	वेज
vise	वाइज	वाइस
wise	वाइज	वाइस
vatar	वाटर	वातर
water	वाटर	वाटर
watson	वाटसन	वा्सन
wattson	वाटसन	वेट्सन
vaan	वाण	वन
waan	वाण	वान
vaanon	वाणों	वनन
vanon	वाणों	वनों
wanon	वाणों	वनों
vatanukulan	वातानुकूलन	वातनुकूलन
watanukoollan	वातानुकूलन	वानानुकूलन
vaadak	वादक	वादक
vadak	वादक	वादक
vaadiyon	वादियों	वादियों
vadiyon	वादियों	वादियों
wadiyon	वादियों	वाडियों
vayana	वायना	वायना
vayna	वायना	वायना
wayna	वायना	वायना
wireless	वायरलेस	वायरलेस
wirerless	वायरलेस	वायरलेस
warrior	वारियर्स	वारियर
warriors	वारियर्स	वॉरियर्स
valve	वाल्व	वाल्वे
wolv	वाल्व	वल्व
vastavik	वास्तविक	वास्तविक
vastvik	वास्तविक	वास्तविक
vaahikayen	वाहिकाएं	वाहिकाएं
vahikayen	वाहिकाएं	वाहिकाएं
wahikayan	वाहिकाएं	वाहिकायं
winter	विंटर	विंटर
vincent	विंसेंट	विंसेंट
vikalpon	विकल्पों	विकल्पों
wicket	विकेट	विकेट
vikramjeet	विक्रमजीत	विक्रमजीत
vikramjit	विक्रमजीत	विक्रमजित
vichaarakon	विचारकों	विचारकों
vicharakon	विचारकों	विचारकों
vigyan	विज्ञान	विज्ञान
vigyaani	विज्ञानी	विज्ञानी
vigyani	विज्ञानी	विज्ञनी
vigyaanon	विज्ञानों	विज्ञानों
vigyanon	विज्ञानों	विज्ञानों
vitthal	विट्ठल	वित्थल
viththal	विठ्ठल	विथथल
vitthal	विठ्ठल	वित्थल
vitark	वितर्क	वितरक
vidhaaein	विद्याएं	विधाएं
vidyaayein	विद्याएं	विद्याएं
vidyaen	विद्याएं	विद्याएं
vidhaaon	विद्याओं	विधाओं
vidyaaon	विद्याओं	विद्याओं
vidyaon	विद्याओं	विद्याओं
vidhansabhaein	विधानसभाएं	विधानसभाएं
vidhansabhaen	विधानसभाएं	विधानसभाएं
vidhivat	विधिवत	विधिवत
vidhut	विधुत	वुत्युत
vinasht	विनष्ट	विनाष्ट
vineet	विनीत	विनीत
vinit	विनीत	विनीट
vipreetataa	विपरीतता	विप्रीतता
vipritata	विपरीतता	विप्रतता
vipra	विप्रा	विप्र
vipro	विप्रो	विप्रो
wipro	विप्रो	विप्रो
vibha	विभा	वीभा
vibhajak	विभाजक	विभाजक
vibhram	विभ्रम	विभ्रम
vibhrm	विभ्रम	विभ्रम
vibram	विभ्रम	विब्राम
vimarsh	विमर्श	विमार्श
vimarsho	विमर्शों	विमार्शो
vimarshon	विमर्शों	विमार्शों
virajati	विराजती	विराजति
virechan	विरेचन	विरेचन
virodh	विरोध	विरोध
virodhabhasi	विरोधाभासी	विरोधाभासी
virodhabhason	विरोधाभासों	विरोधाभासों
vividh	विविध	विविध
vivekahin	विवेकहीन	विवेकाहिन
vivekheen	विवेकहीन	विवेखीन
visheshan	विशेषण	विशेषण
visheshanon	विशेषणों	विशेषणों
visheshaadhikaar	विशेषाधिकार	विशेषाधिकार
visheshadhikar	विशेषाधिकार	विशेषाधिकार
vishwasaniy	विश्वसनीय	विश्वानीय
vishwasniiya	विश्वसनीय	विश्वसनीय
vishwasaniyata	विश्वसनीयता	विश्वासनियता
vishwasniiyataa	विश्वसनीयता	विश्वसनीयता
vishahin	विषहीन	विषाहीन
vishhin	विषहीन	विशिन
vishanu	विष्णु	विषाणु
vishnu	विष्णु	विष्णु
vlc	वीएलसी	वीसी
weeks	वीक्स	वीक्स
veerchand	वीरचंद	वीरचंद
virchand	वीरचंद	विरचंद
veeresh	वीरेश	वीरेश
viresh	वीरेश	विरेश
vritton	वृत्तों	वृत्तों
vruton	वृत्तों	वृतों
vrutton	वृत्तों	वृत्तों
venkataraman	वेंकटरमन	वेंकटरमण
venkatraman	वेंकटरमन	वेंकटरमण
ved	वेड	वेद
wade	वेड	वाडे
wed	वेड	वेड
wedding	वेडिंग	वेडिंग
vediyon	वेदियों	वेदियों
vedon	वेदों	वेदों
venezuela	वेनेजुएला	वेनेजुला
veronica	वेरोनिका	वेरोनिका
veronika	वेरोनिका	वेरोनिका
weronika	वेरोनिका	वेरोनिका
velvet	वेलवेट	वेलवेट
welwet	वेलवेट	वेल्ट
welder	वेल्डर	वेल्डर
weldor	वेल्डर	वेल्डर
welding	वेल्डिंग	वेल्डिंग
wealth	वेल्थ	व्ल
vellur	वेल्लूर	वेलर
velur	वेल्लूर	वेलुर
vesh	वेश	वेश
wasting	वेस्टिंग	विंटिंग
westing	वेस्टिंग	वेस्टिंग
wastinghouse	वेस्टिंगहाउस	वस्टींहास
westinghouse	वेस्टिंगहाउस	वेस्टिंहास
vaisley	वेस्ले	वैसले
vesle	वेस्ले	वेसले
wesle	वेस्ले	वेसले
vaigyaanik	वैज्ञानिक	वैज्ञानिक
vaigyanik	वैज्ञानिक	वैज्ञनिक
vegyanik	वैज्ञानिक	वेज्ञनिक
vaigyaanikta	वैज्ञानिकता	वैज्ञानिकता
vaigyanikata	वैज्ञानिकता	वैज्ञानिकता
vaigyanikta	वैज्ञानिकता	वैज्ञानिकता
vaitravati	वैत्रवती	वैत्रवती
vaitrawati	वैत्रवती	वैत्रवती
vaimanasy	वैमनस्य	वैमानसी
vaimanasya	वैमनस्य	वैमानस्य
vaimanya	वैमनस्य	वैमान्य
very	वैरी	वेरी
vaisaakh	वैशाख	वैसाख
vaishakh	वैशाख	वैशाख
vaishaakhi	वैशाखी	वैशाखी
vaishakhi	वैशाखी	वैशाखी
vaishnodevi	वैष्णोदेवी	वैश्नोदेवी
vyaktigat	व्यक्तिगत	व्यक्तिगत
vyagr	व्यग्र	व्याग्र
vyagra	व्यग्र	व्याग्र
vyatit	व्यतीत	व्यतित
vytit	व्यतीत	व्यतित
vyabhichar	व्यभिचार	व्यभिचार
vyabhichari	व्यभिचार	व्यभिचारी
vyavadhan	व्यवधान	व्यवधान
vyavdhan	व्यवधान	व्यवधान
vyavahargat	व्यवहारगत	व्यवहर्गत
vyvhargat	व्यवहारगत	व्यवर्गत
vyaghat	व्याघात	व्यघात
vyapak	व्यापक	व्यपक
vlad	व्लाद	व्लाद
wlaad	व्लाद	वालद
vladimir	व्लादिमीर	व्लादीमीर
shanghai	शंघाई	शांघाई
shatpath	शतपथ	शत्पथ
shanivar	शनिवार	शनिवार
shaniwar	शनिवार	शनिवार
shabana	शबाना	शबना
shbana	शबाना	शबाना
shabdarth	शब्दार्थ	शबदार्थ
shamadan	शमादान	शमादन
shmadan	शमादान	शमादन
shamitabh	शमिताभ	शामीतभ
shamil	शमिल	शमील
shmil	शमिल	शीमिल
sharabon	शराबों	शराबों
shrabon	शराबों	शराबों
shararat	शरारत	शरारत
shrart	शरारत	श्रार्ट
sharmana	शर्माना	शर्मना
shaharwasiyon	शहरवासियों	शहरवासियों
shahrvasiyon	शहरवासियों	शहरवासियों
shervasiyon	शहरवासियों	शेरवासियों
shahdara	शहादरा	शाहदारा
shaantikaal	शांतिकाल	शांतिकाल
shantikal	शांतिकाल	शांतिकाल
shaao	शाओ	शाओ
shao	शाओ	शाओ
shaakir	शाकिर	शाकीर
shakir	शाकिर	शाकीर
shaakhaaen	शाखाएं	शाखाएं
shakhayan	शाखाएं	शखखाएं
shakhayen	शाखाएं	शखखाएं
shayak	शायक	शक
shaavakon	शावकों	शोंकों
shavakon	शावकों	शोवकों
shavkon	शावकों	शवकों
shaasaka	शासक	शासका
shasak	शासक	शासक
sasakon	शासकों	ससकों
shaasakon	शासकों	शोंकों
shasakon	शासकों	शशकों
shipra	शिप्रा	शिप्र
shirke	शिर्के	शिरके
sheershakon	शीर्षकों	शीर्षकों
shirshakon	शीर्षकों	शिर्षकों
shirshkon	शीर्षकों	शिर्षकों
shujaat	शुजात	शुजात
shujat	शुजात	शुजात
shooting	शुटिंग	शिंग
shutting	शुटिंग	शिंग
should	शुड	शौल्ड
shud	शुड	शुद
shubhankar	शुभंकर	शुभंकर
shumaali	शुमाली	शुमाली
shumali	शुमाली	शुमली
shringaar	शृंगार	श्रृंगार
shringar	शृंगार	श्रृंगार
shrungar	शृंगार	श्रूगर
sheling	शेलिंग	शिंग
shelling	शेलिंग	शिंग
shaili	शैली	शैली
shaly	शैली	श्लय
sheli	शैली	शेली
shaishav	शैशव	शवश
sean	शॉन	सिन
shaun	शॉन	शन
shawn	शॉन	शवन
short	शोर्ट	शोर्ट
sure	श्योर	सूरे
shrankhala	श्रंखला	श्रृंखला
shrankhalaa	श्रंखला	श्रृंखला
shrunkhla	श्रंखला	शृंखला
shrankhalaaon	श्रंखलाओं	शारंखलाओं
shrinkhalaon	श्रंखलाओं	शृंखलाओं
shrunkhlaon	श्रंखलाओं	शृंखलाओं
shravani	श्रावणी	श्रवणी
shrikar	श्रीकर	श्रीकार
shrikhand	श्रीखंड	श्रीखंड
shrimati	श्रीमति	श्रीमति
shriram	श्रीराम	श्रीराम
sriram	श्रीराम	श्रीरम
shrotaon	श्रोताओं	श्रोतोओं
shat	षट्	शत
sankhyaein	संख्याएं	संख्याएं
sankhyaen	संख्याएं	संख्याएं
sankhyayen	संख्याएं	संख्याएं
sanghanit	संघनित	संघनित
sanghnit	संघनित	संघनीत
sanchayan	संचयन	संचायन
sanchar	संचार	सांचार
sanchaari	संचारी	संचारी
sanchari	संचारी	सांचारी
sanchalanon	संचालनों	संचलनों
sanchalnon	संचालनों	संचलनों
sanjay	संजय	सयजय
sanjeevan	संजीवन	संजीवन
sanjivan	संजीवन	संजीवन
santati	संतति	संताति
sandarbh	संदर्भ	संदर्भ
sandarbha	संदर्भ	संदर्भ
sandrbh	संदर्भ	संद्रभ
sandarbhon	संदर्भों	संदर्भों
sandrbhon	संदर्भों	संद्रभों
sandali	संदली	सांडली
sandli	संदली	सांडली
sandhan	संधान	संधान
samprati	संप्रति	संप्रति
samprti	संप्रति	संप्रती
samprabhu	संप्रभु	संप्रभू
samprbhu	संप्रभु	संप्रभू
samprabhuta	संप्रभुता	संप्रभूता
samprbhuta	संप्रभुता	संप्रभूता
sambit	संबित	संबित
sambhalane	संभालने	संभालने
sambhalne	संभालने	संभालने
sambhrant	संभ्रांत	संभरांत
sanbharnt	संभ्रांत	संभर्त
sanyog	संयुक्त	सयग
sanyukt	संयुक्त	संयुक्त
sanyukta	संयुक्त	सानुयक्त
sanyukta	संयुक्ता	सानुयक्त
sanyogvash	संयोगवश	संयोग्वश
sanyojan	संयोजन	संयोजन
sanyojanon	संयोजनों	संयोजनों
sanyojnon	संयोजनों	संयोजनों
samvedikaran	संवेदीकरण	संवेदीकरण
sanvedikaran	संवेदीकरण	संवेदीकरण
samshayon	संशयों	समशयों
sanshayon	संशयों	संशयों
sanshyon	संशयों	संश्यों
sanskaar	संस्कार	संस्कार
sanskar	संस्कार	संस्कर
sanskaari	संस्कारी	संस्कारी
sanskari	संस्कारी	संस्कारी
sanskrit	संस्कृत	संस्कृत
sanskurt	संस्कृत	संस्कृत
sanskritiyan	संस्कृतियां	संस्कृतियां
sanskrutiyan	संस्कृतियां	संस्कृतियां
sanskritiyon	संस्कृतियों	संस्कृतियों
sanskrutiyon	संस्कृतियों	संस्कृतियों
sanasthit	संस्थित	संस्थित
sansthit	संस्थित	संस्थित
sanasthita	संस्थिता	सानस्थित
sansthita	संस्थिता	संस्थिता
sakara	सकरा	सकरा
sakra	सकरा	सक्र
sakshan	सक्शन	साक्षण
suction	सक्शन	स्क्शन
sacchidanand	सच्चिदानंद	सच्चदानंद
sachhidanand	सच्चिदानंद	सचहीदनंद
sachidanand	सच्चिदानंद	सचीदानंद
sajja	सज्जा	सज्ज
sat	सत	सात
satpal	सतपाल	सत्पल
satluj	सतलुज	सतलूज
sataane	सताने	सााने
satane	सताने	साने
sate	सते	से
satti	सत्ती	सती
satvat	सत्वत	सतवत
sadanand	सदानंद	सदानंद
sapane	सपने	सापने
sapne	सपने	सपने
sapney	सपने	सपने
saparivaar	सपरिवार	सपरिवार
sapariwar	सपरिवार	सपरिवार
sparivar	सपरिवार	स्परिवार
sapaat	सपाट	सपात
sapat	सपाट	सपत
sapate	सपाटे	सपते
sapatey	सपाटे	सपते
saptakranti	सप्तक्रांति	सप्तकारंति
saptkraanti	सप्तक्रांति	सप्तकारति
saptapadi	सप्तपदी	सप्तपादी
saptpadi	सप्तपदी	सप्तपादी
saptari	सप्तरी	सप्तरी
sapramaan	सप्रमाण	सप्रमण
sapraman	सप्रमाण	सप्रमण
submit	सबमिट	सबमीत
sabmission	सबमिशन	सब्मिशन
submission	सबमिशन	सब्मिशन
sabhaein	सभाएं	सभाएं
sabhaen	सभाएं	सभाएं
sabhayen	सभाएं	सभाएं
sabhen	सभाएं	सभें
sabhasadon	सभासदों	साभासदों
sabhyata	सभ्यता	सभ्यता
samjhoonga	समझूंगा	समझूंगा
samjhunga	समझूंगा	समझूंगा
samjhungaa	समझूंगा	समझुंगा
saman	समन	समान
samanvayaka	समन्वयक	समन्वयकका
samanwayaka	समन्वयक	समन्वयकका
samnvyak	समन्वयक	समन्वयक
samaadhaan	समाधान	समाधान
samadhan	समाधान	समधधन
samadhiyon	समाधियों	समधियों
samadjiyon	समाधियों	समदज्यियों
samalakha	समालखा	समलखखा
samalakhaa	समालखा	समलखखा
samahaar	समाहार	समहार
samahar	समाहार	समहर
samitiyan	समितियां	समितियां
sametati	समेटती	समेटती
sametti	समेटती	समेटटी
sarka	सरका	सरका
sarkaa	सरका	सरका
sarkarein	सरकारें	सरकारें
sarkaren	सरकारें	सरकारें
sarkaaron	सरकारों	सरकारों
sarkaron	सरकारों	सरकारों
sargana	सरगना	सरगना
sarganaon	सरगनाओं	सरगनाओं
sargi	सरगी	सरगृ
sarguja	सरगुजा	सरगूजा
sarjuga	सरगुजा	सागूगा
sarsa	सरसा	सासा
sarsaa	सरसा	सरसा
sarahind	सरहिंद	ससरहिंद
sarhind	सरहिंद	सरहिंद
sirhind	सरहिंद	सिरहींद
saraaha	सराहा	सराहा
saraha	सराहा	सारहा
saraahi	सराही	साराही
sarahi	सराही	सारही
salaahkar	सलाहकार	सलाहकार
salahkaar	सलाहकार	सलाहकार
salahkar	सलाहकार	सलाहकार
saleeb	सलीब	सलीब
salib	सलीब	सालिब
select	सलेक्ट	सेलेक्ट
saltanat	सल्तनत	सल्टनात
saltnat	सल्तनत	सल्टनाट
savaal	सवाल	सवाल
saval	सवाल	सावल
sawaal	सवाल	सवाल
sawal	सवाल	सावल
sahakalaakar	सहकलाकार	साकालकर
sahakalakar	सहकलाकार	सहकालकर
sahkalakar	सहकलाकार	सहकालकर
sahadev	सहदेव	सहादेव
sahdev	सहदेव	सहदेव
sahrawat	सहरावत	सहरावत
sherawat	सहरावत	शेरवात
sahooliyata	सहूलियत	सहूलीयता
sahuliyat	सहूलियत	सहूलियत
sahuuliyata	सहूलियत	सहूलियता
saanketika	सांकेतिक	सांकेतिका
sanketik	सांकेतिक	संकेतिक
saimans	साइमंस	सायमंस
simmons	साइमंस	सिम्ंस
symons	साइमंस	सायमंस
saima	साइमा	सैमा
sagarika	सागरिका	सगगरिका
sagrika	सागरिका	साग्रिका
saga	सागा	सगा
saajan	साजन	साजन
sajan	साजन	सजन
saajsajja	साजसज्जा	साजसाज्
sajsajja	साजसज्जा	सजस्जा
saja	साजा	सज
saathsaath	साथसाथ	साथसाथ
sathsath	साथसाथ	सथहस्थ
sathiya	साथिया	साथिया
saabah	साबाह	सहबा
sabah	साबाह	सबह
samanjasy	सामंजस्य	समंजस्य
samanjasya	सामंजस्य	समंजस्य
samoa	सामोआ	समो
samoaa	सामोआ	समो
saayn	सायं	सनय
sayan	सायं	सायन
saym	सायं	सेयम
saira	सायरा	सैरा
sayara	सायरा	सायरा
sayra	सायरा	सैयरा
salve	साल्वे	सलवे
sahab	साहब	सहाब
singapore	सिंगापुर	सिंगपोर
singaar	सिंगार	सिंगार
singar	सिंगार	सिंगार
singer	सिंगार	सिंगर
singhaadey	सिंघाड़े	सिंहाड़े
singhade	सिंघाड़े	सिंहड़े
singhde	सिंघाड़े	सिंहडे
singhre	सिंघाड़े	सिंहरे
singhi	सिंघी	सिंही
singha	सिंहा	सिंहा
sinha	सिंहा	सिंहा
siera	सिएरा	सियरा
sierra	सिएरा	सियरा
sikud	सिकुड़	सिकुड़
signals	सिगनल्स	सिग्नल
cigaretton	सिगरेटों	सिगरेट्टों
cigretton	सिगरेटों	सिग्रेटन
siddhivat	सिद्धवट	सिद्धिवत
siddhvat	सिद्धवट	सिद्धवत
siddhwat	सिद्धवट	सिद्धवत
sinabang	सिनाबंग	सिनाबंग
synapse	सिनेप्स	सिनापेस
sipah	सिपाह	सिपह
sipaha	सिपाह	सिपहा
sipahiyon	सिपाहियों	सिपहियों
sipahi	सिपाही	सिपही
sim	सिम	सिम
simat	सिमट	सिमट
simatataa	सिमटता	सिमतता
simatta	सिमटता	सिमत्ा
simtata	सिमटता	सिमता
simtataa	सिमटता	सिमतता
cement	सिमटे	सेमेंट
simate	सिमटे	सिमेट
simi	सिमी	सीमी
simmy	सिमी	सिम्मी
sims	सिम्स	सीम्स
siyasi	सियासी	सियासी
siyah	सियाह	सियाह
siyaha	सियाह	सियाहा
sirpur	सिरपुर	सिरपुर
sivan	सिवान	सिवन
siwan	सिवान	सिवान
sisva	सिसवा	सिस्वा
siswa	सिसवा	सिस्वा
cil	सीआईएल	सील
csi	सीएसआई	सीसीआई
sikar	सीकर	सिकर
seaten	सीटें	सीटन
sitaram	सीताराम	सीतारम
sitaharan	सीताहरण	सितारण
cpm	सीपीएम	सीएमपी
cps	सीपीएस	सीपीएस
cbse	सीबीएसई	सीबेज
seem	सीम	सीम
sim	सीम	सिम
sealed	सील्ड	सीलेड
shield	सील्ड	शील्ड
ccd	सीसीडी	सीडी
sugamata	सुगमता	सुगमता
sugmta	सुगमता	सुगमता
sujan	सुजेन	सूजन
sujen	सुजेन	सूजें
suken	सुजेन	सूकें
sujain	सुजैन	सुजान
sujhaati	सुझाती	सुझाती
sujhati	सुझाती	सुझाती
sutali	सुतली	सुतली
sutli	सुतली	सुल्ली
suta	सुता	सूता
sdueep	सुदीप	सुपुई
sudip	सुदीप	सुदीप
sudhaargrah	सुधारगृह	सुधारग्रह
sudhargrih	सुधारगृह	सुधारग्रह
sudhargruh	सुधारगृह	सुधारगृह
sunaaron	सुनारों	सुनारों
sunaron	सुनारों	सुनारों
sunaseer	सुनासीर	सुनासीर
sunasir	सुनासीर	सुनासिर
suneeti	सुनीति	सुनीति
suniti	सुनीति	सुनीति
sunega	सुनेगा	सुनेगा
suneyga	सुनेगा	सुनेगा
superhit	सुपरहिट	सुपरहित
supachy	सुपाच्य	सुपच्य
supachya	सुपाच्य	सुपच्य
supachye	सुपाच्य	सुपच्य
subhaay	सुभाय	सयभ
subhay	सुभाय	सय
surveen	सुरवीन	सुर्वीन
survin	सुरवीन	सर्विन
surana	सुराणा	सुरना
sulkhan	सुलखान	सुल्खन
suljaayi	सुलझाई	सुलजायी
suljayi	सुलझाई	सुलजायी
suljhai	सुलझाई	सुलझाई
sulzai	सुलझाई	सुलझाई
sultana	सुलताना	सुल्ताना
sulaati	सुलाती	सुलाती
sulati	सुलाती	सुलती
susanskrit	सुसंस्कृत	सुसंस्कृत
susanskrut	सुसंस्कृत	सुसंस्कृत
suhagin	सुहागिन	सुहागीन
soond	सूंड़	संद
sund	सूंड़	सूंड
suiyan	सूइयां	सुइयान
sukhati	सूखती	सुखती
sukhti	सूखती	सुखती
sukhakar	सूखाकर	सुखाकर
soochak	सूचक	सूचक
suchak	सूचक	सुचक
sooja	सूजा	सूजा
suja	सूजा	सूजा
suba	सूबा	सबबा
sube	सूबे	सबे
sooraj	सूरज	सूराज
suraj	सूरज	सुरज
surinaam	सूरीनाम	सुरीनाम
surinama	सूरीनाम	सूरीनामा
suriname	सूरीनाम	सुरीनमे
suryadev	सूर्यदेव	सुर्यदेव
sendha	सेंधा	सेंधा
senvai	सेंवई	सेंवाई
sevai	सेंवई	सेवाई
sensing	सेंसिंग	सिंजिंग
sexual	सेक्सुअल	सेक्सुल
saturday	सेटरडे	सतुरदाय
seti	सेटी	सेती
seto	सेटो	सेटो
seth	सेथ	सेठ
safety	सेफ्टी	सेफ़्टी
semen	सेमिन	सेमेन
semin	सेमिन	सेमिन
self	सेल्फ	सेल्फ
selfie	सेल्फी	सेल्फी
save	सेव	सेवे
sev	सेव	सेव
sevakon	सेवकों	सेवकों
sevkon	सेवकों	सेवकों
samuels	सैम्युल्स	सम्यूल्स
celery	सैलरी	सेलेरी
salary	सैलरी	सैलारी
sakar	सॉकर	साकार
socar	सॉकर	सोकार
soccer	सॉकर	सॉकर
songs	सॉन्ग्स	स्ंग्स
solicitor	सॉलिसिटर	सॉलीसिटर
sochane	सोचने	सोचने
sochne	सोचने	सोचने
sonu	सोनू	सोनू
soma	सोमा	सोमा
spma	सोमा	स्पम्
somi	सोमी	समी
soy	सोय	सॉय
soya	सोया	सोया
solitaire	सोलिटेयर	सोलिटायर
soharai	सोहराई	सोहराई
sohrai	सोहराई	सोहराई
sohaval	सोहावल	सोहावल
sohawal	सोहावल	सोहावल
saunpane	सौंपने	सौंपने
sonpne	सौंपने	सौंपने
scala	स्काला	स्केला
skala	स्काला	स्कला
ski	स्की	सीकी
scootaron	स्कूटरों	स्कूटरों
scooteron	स्कूटरों	स्कूटरों
skootaron	स्कूटरों	स्कूतरों
scandinavia	स्कैंडिनेविया	स्केंडिनावि
scaining	स्कैनिंग	स्केनिंग
scanning	स्कैनिंग	स्केनिंग
squash	स्क्वाश	स्क्वाश
squash	स्क्वैश	स्क्वाश
skhalan	स्खलन	स्खलन
stain	स्टैन	स्टेन
stan	स्टैन	स्टान
stop	स्टॉप	स्टोप
stops	स्टॉप्स	स्टॉप्स
stone	स्टोन	स्टोन
straws	स्ट्रास	स्ट्रांस
stress	स्ट्रास	स्ट्रेस
stra	स्ट्रे	स्ट्रा
stray	स्ट्रे	स्ट्रे
stre	स्ट्रे	स्ट्रे
strocks	स्ट्रोक्स	स्ट्रॉक्स
strokes	स्ट्रोक्स	स्ट्रोकेस
stan	स्तन	स्टान
stanadhari	स्तनधारी	स्ताधारी
standhaari	स्तनधारी	स्तंधारी
standhari	स्तनधारी	स्तंधारी
sthiti	स्तिथि	स्थिति
stithi	स्तिथि	स्तिथि
stuti	स्तुति	स्टुति
sthitiyaan	स्थितियां	स्थितियां
sthitiyan	स्थितियां	स्थितियां
sthitiyon	स्थितियों	स्थितियों
sthool	स्थूल	स्थूल
sthul	स्थूल	स्थुल
sthoolta	स्थूलता	स्थूलता
sthulata	स्थूलता	स्थुलता
sneakers	स्नीकर्स	स्नेकर्स
snickers	स्नीकर्स	स्निकर्स
snikarse	स्नीकर्स	स्निकर्स
spear	स्पीयर	स्पेयर
spell	स्पेल	स्पेल
spelar	स्पेलर	स्पेलर
speller	स्पेलर	स्पेलर
sprint	स्प्रिट	स्प्रिंट
sprit	स्प्रिट	स्प्रित
spray	स्प्रे	स्प्रय
spry	स्प्रे	स्प्री
sfoorti	स्फूर्ति	स्फूर्ती
sfurti	स्फूर्ति	स्फूरती
sphoorti	स्फूर्ति	स्फूर्ती
slide	स्लाइड	स्लाइड
slider	स्लाइडर	स्लाइडर
slaaidon	स्लाइडों	स्लाइडों
slidon	स्लाइडों	स्लिडों
sliders	स्लाइड्स	स्लाइडर्स
slides	स्लाइड्स	स्लाइडेस
slice	स्लाइस	स्लाइस
slash	स्लैश	स्लैश
swaroopon	स्वरुपों	स्वरूपों
swarupon	स्वरुपों	स्वरूपों
swa	स्वा	स्वा
swaachaalit	स्वाचालित	स्वचालित
swachalit	स्वाचालित	स्वचालित
swaarthparak	स्वार्थपरक	सर्वथरकार
swarthparak	स्वार्थपरक	स्वर्थपरक
swiftlate	स्विफ्टलेट	स्विफ्टलेट
swiftlet	स्विफ्टलेट	स्विफ्टलेट
sweekarte	स्वीकारते	स्वीकारते
swikarte	स्वीकारते	स्वीकारते
sweet	स्वीट	स्वीत
sweep	स्वीप	स्वीप
sweccha	स्वेच्छा	स्वेच्छा
swecha	स्वेच्छा	स्वेच्छा
swechha	स्वेच्छा	स्वेच्छा
sweta	स्वेता	स्वेटा
swap	स्वैप	स्वप
swipe	स्वैप	स्विप
handiya	हंडिया	हांडिया
handiyaa	हंडिया	हांडिया
hundiya	हंडिया	हुंडिया
hakikat	हकीकत	हकीकत
haqeeqat	हकीकत	हकीकत
hathiya	हथिया	हथिया
hamala	हमला	हमला
hamla	हमला	हमला
hamalavar	हमलावर	हमलवार
hamlavar	हमलावर	हमलवार
humlavar	हमलावर	हमलवार
hamaal	हमाल	हमाल
hamal	हमाल	हमल
hercules	हरक्यूलिस	हर्कल्स
hardas	हरदास	हरदास
harpaal	हरपाल	हरपाल
harpal	हरपाल	हरपाल
harvansh	हरवंश	हरवांश
haraval	हरावल	हरावल
harawal	हरावल	हरावल
hurricane	हरिकेन	हूरीकेन
harijan	हरिजन	हरिजन
hariyali	हरियाली	हरियाली
harshit	हर्षित	हर्षित
haldi	हल्दी	हल्दी
halla	हल्ला	हल्ला
hawamahal	हवामहल	हवामहल
hawalaat	हवालात	हवलात
hawalat	हवालात	हवालत
hasino	हसीनों	हासिनो
hasinon	हसीनों	हासिनों
haan	हां	हान
han	हां	हन
haanfte	हांफते	हांफते
hafate	हांफते	हफते
hanfte	हांफते	हनफते
higman	हाइमन	हिगमन
hymen	हाइमन	हामेन
hadauti	हाड़ौती	हड़ती
haani	हानी	हानी
hani	हानी	हानी
haarjeet	हारजीत	हर्जीत
harjeet	हारजीत	हरजीत
haaranaa	हारना	हराना
harana	हारना	हराना
harna	हारना	हरना
haalchaal	हालचाल	हललाल
haalchal	हालचाल	हालचल
halchaal	हालचाल	हलचाल
halchal	हालचाल	हलचल
halt	हाल्ट	हल्ट
hault	हाल्ट	हॉल्ट
hahakar	हाहाकार	हाकर
hingis	हिंगिस	हिंगिस
hindan	हिंडन	हिंदन
hindon	हिंडन	हिंदों
hijada	हिजड़ा	हिजाड़ा
hijda	हिजड़ा	हिजड़ा
hijbul	हिजबुल	हिजबुल
hippo	हिप्पो	हिप्पो
hippopotamus	हिप्पोपोटेमस	मूप्पोत्मम
himali	हिमाली	हिमली
hilane	हिलने	हिलाने
hilne	हिलने	हिलने
hisham	हिशाम	हिशम
heeraganj	हीरागंज	हीरगंज
hiraganj	हीरागंज	हीरगंज
heroes	हीरोज	हेयरोस
heros	हीरोज	हिरोस
hui	हुईं	हुई
huin	हुईं	हुईं
hooper	हूपर	हुपर
huppar	हूपर	हप्पर
hupper	हूपर	हप्पर
hegde	हेगडे	हेगड़े
hemvati	हेमवती	हेमवाती
hemwati	हेमवती	हेमवाती
help	हेल्प	हेल्प
helper	हेल्पर	हेल्पर
haito	हैतो	हैटो
hairam	हैरम	हैराम
harem	हैरम	हरेम
herald	हैराल्ड	हेराल्ड
haive	हैव	हैइवे
have	हैव	हावे
hong	हॉन्ग	होंग
half	हॉफ	हफल
hoaf	हॉफ	हॉफ
hounga	होऊंगा	हौउंगा
holding	होल्डिंग	होल्डिंग
hoshangabaad	होशंगाबाद	बाषणगाबाद
hoshangabad	होशंगाबाद	होशंगाबाद
hostes	होस्टेस	होस्टेस
hostess	होस्टेस	होस्टेस
